feature	feature_type	group	distance
PRO66-LIG	residue_ligand	low	6.013000011444092
PRO66-LIG	residue_ligand	low	11.317999839782715
PRO66-LIG	residue_ligand	low	8.685999870300293
PRO66-LIG	residue_ligand	low	2.743000030517578
PRO66-LIG	residue_ligand	low	6.99399995803833
PRO66-LIG	residue_ligand	low	10.220000267028809
PRO66-LIG	residue_ligand	low	4.061999797821045
PRO66-LIG	residue_ligand	low	5.704999923706055
PRO66-LIG	residue_ligand	low	5.943999767303467
PRO66-LIG	residue_ligand	low	8.324000358581543
PRO66-LIG	residue_ligand	low	6.928999900817871
PRO66-LIG	residue_ligand	low	3.5320000648498535
PRO66-LIG	residue_ligand	low	3.2139999866485596
PRO66-LIG	residue_ligand	low	6.006999969482422
PRO66-LIG	residue_ligand	low	6.906000137329102
PRO66-LIG	residue_ligand	low	5.304999828338623
PRO66-LIG	residue_ligand	low	2.25600004196167
PRO66-LIG	residue_ligand	low	7.138999938964844
PRO66-LIG	residue_ligand	low	2.609999895095825
PRO66-LIG	residue_ligand	low	11.456999778747559
PRO66-LIG	residue_ligand	low	3.6480000019073486
PRO66-LIG	residue_ligand	low	6.9670000076293945
PRO66-LIG	residue_ligand	low	2.6989998817443848
PRO66-LIG	residue_ligand	low	7.315000057220459
PRO66-LIG	residue_ligand	low	5.982999801635742
PRO66-LIG	residue_ligand	low	1.8559999465942383
PRO66-LIG	residue_ligand	high	2.7019999027252197
PRO66-LIG	residue_ligand	high	4.48199987411499
PRO66-LIG	residue_ligand	high	4.493000030517578
PRO66-LIG	residue_ligand	high	7.716000080108643
PRO66-LIG	residue_ligand	high	2.566999912261963
PRO66-LIG	residue_ligand	high	5.232999801635742
PRO66-LIG	residue_ligand	high	3.4519999027252197
PRO66-LIG	residue_ligand	high	5.770999908447266
PRO66-LIG	residue_ligand	high	2.193000078201294
PRO66-LIG	residue_ligand	high	2.0139999389648438
PRO66-LIG	residue_ligand	high	2.9519999027252197
PRO66-LIG	residue_ligand	high	2.071000099182129
PRO66-LIG	residue_ligand	high	2.305000066757202
PRO66-LIG	residue_ligand	high	4.210000038146973
PRO66-LIG	residue_ligand	high	2.5230000019073486
PRO66-LIG	residue_ligand	high	10.869000434875488
PRO66-LIG	residue_ligand	high	6.76200008392334
PRO66-LIG	residue_ligand	high	2.693000078201294
PRO66-LIG	residue_ligand	high	6.710999965667725
PRO66-LIG	residue_ligand	high	7.2179999351501465
PRO66-LIG	residue_ligand	high	4.867000102996826
PRO66-LIG	residue_ligand	high	4.945000171661377
PRO66-LIG	residue_ligand	high	7.494999885559082
PRO66-LIG	residue_ligand	high	6.982999801635742
PRO66-LIG	residue_ligand	high	5.946000099182129
PRO66-LIG	residue_ligand	high	5.201000213623047
PRO66-LIG	residue_ligand	high	5.7220001220703125
PRO66-LIG	residue_ligand	high	6.480999946594238
PRO66-LIG	residue_ligand	high	5.15500020980835
PRO66-LIG	residue_ligand	high	3.115999937057495
PRO66-LIG	residue_ligand	high	6.64900016784668
PRO66-LIG	residue_ligand	high	2.7249999046325684
PRO66-LIG	residue_ligand	high	2.4800000190734863
PRO66-LIG	residue_ligand	high	5.464000225067139
PRO66-LIG	residue_ligand	high	2.5420000553131104
PRO66-LIG	residue_ligand	high	2.3510000705718994
PRO66-LIG	residue_ligand	high	2.430999994277954
PRO66-LIG	residue_ligand	high	5.316999912261963
PRO66-LIG	residue_ligand	high	2.3440001010894775
PRO66-LIG	residue_ligand	high	6.552999973297119
PRO66-LIG	residue_ligand	high	4.888999938964844
PRO66-LIG	residue_ligand	high	4.723999977111816
PRO66-LIG	residue_ligand	high	3.7039999961853027
PRO66-LIG	residue_ligand	high	5.0320000648498535
PRO66-LIG	residue_ligand	high	6.182000160217285
PRO66-LIG	residue_ligand	high	1.9830000400543213
PRO66-LIG	residue_ligand	high	2.802000045776367
PRO66-LIG	residue_ligand	high	1.815999984741211
PRO66-LIG	residue_ligand	high	4.449999809265137
PRO66-LIG	residue_ligand	high	1.6109999418258667
PRO66-LIG	residue_ligand	high	5.366000175476074
PRO66-LIG	residue_ligand	high	3.2750000953674316
PRO66-LIG	residue_ligand	high	2.6059999465942383
PRO66-LIG	residue_ligand	high	5.985000133514404
PRO66-LIG	residue_ligand	high	2.3010001182556152
PRO66-LIG	residue_ligand	high	2.1679999828338623
PRO66-LIG	residue_ligand	high	2.865000009536743
PRO1274-GTP	residue_cofactor	low	8.5600004196167
PRO1274-GTP	residue_cofactor	low	8.107000350952148
PRO1274-GTP	residue_cofactor	low	8.359000205993652
PRO1274-GTP	residue_cofactor	low	8.407999992370605
PRO1274-GTP	residue_cofactor	low	8.72599983215332
PRO1274-GTP	residue_cofactor	low	8.585000038146973
PRO1274-GTP	residue_cofactor	low	8.26099967956543
PRO1274-GTP	residue_cofactor	low	8.652999877929688
PRO1274-GTP	residue_cofactor	low	8.637999534606934
PRO1274-GTP	residue_cofactor	low	8.491999626159668
PRO1274-GTP	residue_cofactor	low	8.826000213623047
PRO1274-GTP	residue_cofactor	low	8.644000053405762
PRO1274-GTP	residue_cofactor	low	8.406000137329102
PRO1274-GTP	residue_cofactor	low	8.4399995803833
PRO1274-GTP	residue_cofactor	low	8.8100004196167
PRO1274-GTP	residue_cofactor	low	8.720999717712402
PRO1274-GTP	residue_cofactor	low	8.496000289916992
PRO1274-GTP	residue_cofactor	low	8.70199966430664
PRO1274-GTP	residue_cofactor	low	8.33899974822998
PRO1274-GTP	residue_cofactor	low	8.612000465393066
PRO1274-GTP	residue_cofactor	low	8.562000274658203
PRO1274-GTP	residue_cofactor	low	8.329999923706055
PRO1274-GTP	residue_cofactor	low	8.946000099182129
PRO1274-GTP	residue_cofactor	low	8.60099983215332
PRO1274-GTP	residue_cofactor	low	8.503999710083008
PRO1274-GTP	residue_cofactor	low	8.559000015258789
PRO1274-GTP	residue_cofactor	high	8.175000190734863
PRO1274-GTP	residue_cofactor	high	8.572999954223633
PRO1274-GTP	residue_cofactor	high	8.779999732971191
PRO1274-GTP	residue_cofactor	high	8.387999534606934
PRO1274-GTP	residue_cofactor	high	8.375
PRO1274-GTP	residue_cofactor	high	8.484999656677246
PRO1274-GTP	residue_cofactor	high	8.428000450134277
PRO1274-GTP	residue_cofactor	high	8.232999801635742
PRO1274-GTP	residue_cofactor	high	8.399999618530273
PRO1274-GTP	residue_cofactor	high	8.569000244140625
PRO1274-GTP	residue_cofactor	high	8.350000381469727
PRO1274-GTP	residue_cofactor	high	8.829000473022461
PRO1274-GTP	residue_cofactor	high	8.406999588012695
PRO1274-GTP	residue_cofactor	high	8.539999961853027
PRO1274-GTP	residue_cofactor	high	8.26099967956543
PRO1274-GTP	residue_cofactor	high	8.20199966430664
PRO1274-GTP	residue_cofactor	high	8.524999618530273
PRO1274-GTP	residue_cofactor	high	8.366000175476074
PRO1274-GTP	residue_cofactor	high	8.744999885559082
PRO1274-GTP	residue_cofactor	high	8.34000015258789
PRO1274-GTP	residue_cofactor	high	8.388999938964844
PRO1274-GTP	residue_cofactor	high	8.267000198364258
PRO1274-GTP	residue_cofactor	high	8.260000228881836
PRO1274-GTP	residue_cofactor	high	8.295999526977539
PRO1274-GTP	residue_cofactor	high	8.6899995803833
PRO1274-GTP	residue_cofactor	high	8.201000213623047
PRO1274-GTP	residue_cofactor	high	8.055000305175781
PRO1274-GTP	residue_cofactor	high	8.47599983215332
PRO1274-GTP	residue_cofactor	high	8.682999610900879
PRO1274-GTP	residue_cofactor	high	8.21399974822998
PRO1274-GTP	residue_cofactor	high	8.46500015258789
PRO1274-GTP	residue_cofactor	high	8.473999977111816
PRO1274-GTP	residue_cofactor	high	8.57699966430664
PRO1274-GTP	residue_cofactor	high	8.291000366210938
PRO1274-GTP	residue_cofactor	high	8.694000244140625
PRO1274-GTP	residue_cofactor	high	8.571999549865723
PRO1274-GTP	residue_cofactor	high	8.638999938964844
PRO1274-GTP	residue_cofactor	high	8.326000213623047
PRO1274-GTP	residue_cofactor	high	8.496000289916992
PRO1274-GTP	residue_cofactor	high	8.277999877929688
PRO1274-GTP	residue_cofactor	high	8.508000373840332
PRO1274-GTP	residue_cofactor	high	8.298999786376953
PRO1274-GTP	residue_cofactor	high	8.675999641418457
PRO1274-GTP	residue_cofactor	high	8.126999855041504
PRO1274-GTP	residue_cofactor	high	8.22700023651123
PRO1274-GTP	residue_cofactor	high	8.281000137329102
PRO1274-GTP	residue_cofactor	high	8.437999725341797
PRO1274-GTP	residue_cofactor	high	8.699999809265137
PRO1274-GTP	residue_cofactor	high	8.434000015258789
PRO1274-GTP	residue_cofactor	high	8.50100040435791
PRO1274-GTP	residue_cofactor	high	8.086999893188477
PRO1274-GTP	residue_cofactor	high	8.369999885559082
PRO1274-GTP	residue_cofactor	high	8.48900032043457
PRO1274-GTP	residue_cofactor	high	8.444999694824219
PRO1274-GTP	residue_cofactor	high	8.449000358581543
PRO1274-GTP	residue_cofactor	high	8.57699966430664
PRO1274-GTP	residue_cofactor	high	8.470000267028809
PRO62-PRO1279	residue_residue	low	7.321000099182129
PRO62-PRO1279	residue_residue	low	7.710999965667725
PRO62-PRO1279	residue_residue	low	7.479000091552734
PRO62-PRO1279	residue_residue	low	7.877999782562256
PRO62-PRO1279	residue_residue	low	8.166999816894531
PRO62-PRO1279	residue_residue	low	7.295000076293945
PRO62-PRO1279	residue_residue	low	8.102999687194824
PRO62-PRO1279	residue_residue	low	8.192000389099121
PRO62-PRO1279	residue_residue	low	7.466000080108643
PRO62-PRO1279	residue_residue	low	7.491000175476074
PRO62-PRO1279	residue_residue	low	7.461999893188477
PRO62-PRO1279	residue_residue	low	7.833000183105469
PRO62-PRO1279	residue_residue	low	7.71999979019165
PRO62-PRO1279	residue_residue	low	7.427999973297119
PRO62-PRO1279	residue_residue	low	7.576000213623047
PRO62-PRO1279	residue_residue	low	7.622000217437744
PRO62-PRO1279	residue_residue	low	7.797999858856201
PRO62-PRO1279	residue_residue	low	7.409999847412109
PRO62-PRO1279	residue_residue	low	7.5920000076293945
PRO62-PRO1279	residue_residue	low	7.427999973297119
PRO62-PRO1279	residue_residue	low	7.498000144958496
PRO62-PRO1279	residue_residue	low	7.860000133514404
PRO62-PRO1279	residue_residue	low	7.84499979019165
PRO62-PRO1279	residue_residue	low	8.222000122070312
PRO62-PRO1279	residue_residue	low	7.459000110626221
PRO62-PRO1279	residue_residue	low	7.35099983215332
PRO62-PRO1279	residue_residue	high	6.992000102996826
PRO62-PRO1279	residue_residue	high	7.001999855041504
PRO62-PRO1279	residue_residue	high	7.104000091552734
PRO62-PRO1279	residue_residue	high	6.533999919891357
PRO62-PRO1279	residue_residue	high	7.354000091552734
PRO62-PRO1279	residue_residue	high	6.744999885559082
PRO62-PRO1279	residue_residue	high	6.989999771118164
PRO62-PRO1279	residue_residue	high	6.96999979019165
PRO62-PRO1279	residue_residue	high	8.53600025177002
PRO62-PRO1279	residue_residue	high	7.224999904632568
PRO62-PRO1279	residue_residue	high	7.392000198364258
PRO62-PRO1279	residue_residue	high	7.2220001220703125
PRO62-PRO1279	residue_residue	high	6.96999979019165
PRO62-PRO1279	residue_residue	high	7.182000160217285
PRO62-PRO1279	residue_residue	high	6.939000129699707
PRO62-PRO1279	residue_residue	high	7.209000110626221
PRO62-PRO1279	residue_residue	high	6.783999919891357
PRO62-PRO1279	residue_residue	high	7.254000186920166
PRO62-PRO1279	residue_residue	high	7.0329999923706055
PRO62-PRO1279	residue_residue	high	7.179999828338623
PRO62-PRO1279	residue_residue	high	7.041999816894531
PRO62-PRO1279	residue_residue	high	7.438000202178955
PRO62-PRO1279	residue_residue	high	7.6529998779296875
PRO62-PRO1279	residue_residue	high	7.669000148773193
PRO62-PRO1279	residue_residue	high	7.125
PRO62-PRO1279	residue_residue	high	7.0289998054504395
PRO62-PRO1279	residue_residue	high	7.618000030517578
PRO62-PRO1279	residue_residue	high	6.992000102996826
PRO62-PRO1279	residue_residue	high	6.946000099182129
PRO62-PRO1279	residue_residue	high	7.308000087738037
PRO62-PRO1279	residue_residue	high	7.438000202178955
PRO62-PRO1279	residue_residue	high	7.932000160217285
PRO62-PRO1279	residue_residue	high	7.00600004196167
PRO62-PRO1279	residue_residue	high	8.201000213623047
PRO62-PRO1279	residue_residue	high	6.88700008392334
PRO62-PRO1279	residue_residue	high	7.0229997634887695
PRO62-PRO1279	residue_residue	high	7.122000217437744
PRO62-PRO1279	residue_residue	high	8.069999694824219
PRO62-PRO1279	residue_residue	high	7.36899995803833
PRO62-PRO1279	residue_residue	high	7.045000076293945
PRO62-PRO1279	residue_residue	high	6.590000152587891
PRO62-PRO1279	residue_residue	high	7.681000232696533
PRO62-PRO1279	residue_residue	high	6.940000057220459
PRO62-PRO1279	residue_residue	high	7.0970001220703125
PRO62-PRO1279	residue_residue	high	7.445000171661377
PRO62-PRO1279	residue_residue	high	7.201000213623047
PRO62-PRO1279	residue_residue	high	7.311999797821045
PRO62-PRO1279	residue_residue	high	6.809999942779541
PRO62-PRO1279	residue_residue	high	7.678999900817871
PRO62-PRO1279	residue_residue	high	7.206999778747559
PRO62-PRO1279	residue_residue	high	7.256999969482422
PRO62-PRO1279	residue_residue	high	7.014999866485596
PRO62-PRO1279	residue_residue	high	7.110000133514404
PRO62-PRO1279	residue_residue	high	7.179999828338623
PRO62-PRO1279	residue_residue	high	7.051000118255615
PRO62-PRO1279	residue_residue	high	7.294000148773193
PRO62-PRO1279	residue_residue	high	7.223999977111816
