feature	manifest_feature_type	feature_type	n_low	n_high	n_total	missing_count	missing_fraction	n_unique	low_mean	high_mean	difference_high_minus_low	low_median	high_median	low_std	high_std	overall_std	cohens_d	abs_cohens_d	welch_t_stat	welch_p_value	mannwhitney_u	mannwhitney_p_value	pearson_n	pearson_corr_with_barrier	abs_pearson_corr	pearson_p_value	near_zero_variance	quality_pass	welch_fdr_bh	mannwhitney_fdr_bh	pearson_fdr_bh
PRO1274-GTP	residue_cofactor	residue_cofactor	26	57	83	0	0.0	80	8.549500465393066	8.427929878234863	-0.1215705871582031	8.56100082397461	8.434000015258789	0.1886434406042099	0.1784749329090118	0.1892647594213485	-0.6691663598361994	0.6691663598361994	-2.769027709960937	0.0080700106918811	464.0	0.0066327047534286	83	-0.2943693346721825	0.2943693346721825	0.0069070533708684	False	True	0.930015647179441	0.9684524988790728	0.7346395887982948
PRO11-GTP	residue_cofactor	residue_cofactor	26	57	83	0	0.0	58	3.963038206100464	3.979158163070679	0.0161199569702148	3.96500015258789	3.9790000915527344	0.0280691944062709	0.0246314164251089	0.0266668777912855	0.6262036675435431	0.6262036675435431	2.519141912460327	0.015537972562015	976.0	0.0212805345654487	83	0.3174500994854821	0.3174500994854821	0.0034524391391027	False	True	0.930015647179441	1.0	0.6546398123093508
PRO1277-GTP	residue_cofactor	residue_cofactor	26	57	83	0	0.0	69	5.316807746887207	5.275315761566162	-0.0414919853210449	5.317999839782715	5.261000156402588	0.062652088701725	0.067823089659214	0.0686516463756561	-0.6261020921130217	0.6261020921130217	-2.7260000705718994	0.0087061310186982	462.5	0.0063405674882233	83	-0.2977515918282896	0.2977515918282896	0.0062606434867602	False	True	0.930015647179441	0.9536690859609522	0.72482105850288
PRO1273-GTP	residue_cofactor	residue_cofactor	26	57	83	0	0.0	81	4.258615493774414	4.058140277862549	-0.2004752159118652	4.276000022888184	4.044000148773193	0.3679633736610412	0.3054655194282532	0.3372748494148254	-0.6148867394351868	0.6148867394351868	-2.4231884479522705	0.0198447182774543	436.0	0.0027930750511586	83	-0.2534161197395305	0.2534161197395305	0.0208003802953589	False	True	0.9397622595651676	0.904093288583681	0.8892461295342368
PRO146-GTP	residue_cofactor	residue_cofactor	26	57	83	0	0.0	73	2.0030770301818848	2.054070234298706	0.0509932041168212	1.999500036239624	2.0460000038146973	0.0733359009027481	0.0928587391972541	0.0899700000882148	0.5841133194639373	0.5841133194639373	2.694591522216797	0.0091097950935363	991.5	0.0141021655872464	83	0.3118032169041151	0.3118032169041151	0.0041113840597519	False	True	0.930015647179441	0.9924479801865184	0.6757553163330456
PRO22-GTP	residue_cofactor	residue_cofactor	26	57	83	0	0.0	75	7.062346458435059	7.161192893981934	0.098846435546875	7.061999797821045	7.122000217437744	0.1743644773960113	0.2034520506858825	0.1991606652736663	0.5070682500882839	0.5070682500882839	2.2703630924224854	0.0270497221499681	932.5	0.0607468672096729	83	0.3198479248585457	0.3198479248585457	0.0032024136470745	False	True	0.9489470610225742	1.0	0.6424009575976987
PRO1269-GTP	residue_cofactor	residue_cofactor	26	57	83	0	0.0	81	8.97419261932373	8.662052154541016	-0.3121404647827148	8.956000328063965	8.642999649047852	0.5949751734733582	0.6491734385490417	0.6457121968269348	-0.4931576626875822	0.4931576626875822	-2.1535303592681885	0.0358806960284709	495.5	0.0161522720009088	83	-0.2121628744710151	0.2121628744710151	0.0541587326402048	False	True	0.9587301796840833	1.0	0.9526704454891556
PRO147-GTP	residue_cofactor	residue_cofactor	26	57	83	0	0.0	78	2.589038610458374	2.5076489448547363	-0.0813896656036377	2.564000129699707	2.484999895095825	0.1893343329429626	0.157107725739479	0.1709622740745544	-0.4852800006405367	0.4852800006405367	-1.9121251106262207	0.062805488705635	524.0	0.0335306115448474	83	-0.2537777417502592	0.2537777417502592	0.0206129733398745	False	True	0.9600589630026324	1.0	0.8880575570744317
PRO122-GTP	residue_cofactor	residue_cofactor	26	57	83	0	0.0	81	8.802346229553223	8.60735034942627	-0.1949958801269531	8.822500228881836	8.621999740600586	0.3864724040031433	0.4155056774616241	0.414391428232193	-0.4793795761288691	0.4793795761288691	-2.081798791885376	0.0423119440674781	538.0	0.0467914007604122	83	-0.203650178468933	0.203650178468933	0.0648041622039109	False	True	0.9587301796840833	1.0	0.9598465168593104
PRO118-GTP	residue_cofactor	residue_cofactor	26	57	83	0	0.0	76	4.7478461265563965	4.706000804901123	-0.0418453216552734	4.767499923706055	4.708000183105469	0.0993952676653862	0.1027102470397949	0.1029455289244651	-0.4114714114404957	0.4114714114404957	-1.760360598564148	0.0844638049602508	553.0	0.0656275749206543	83	-0.2112274830636533	0.2112274830636533	0.0552534391698726	False	True	0.9638175234811936	1.0	0.9526704454891556
