feature_set	display_label	permutation_id	null_mean_balanced_accuracy	observed_mean_balanced_accuracy	n_null_ge_observed	permutation_p_value
residue_ligand	Residue–ligand	1	0.5418787878787878	0.5828787878787879	3	0.1290322580645161
residue_ligand	Residue–ligand	2	0.506969696969697	0.5828787878787879	3	0.1290322580645161
residue_ligand	Residue–ligand	3	0.5034848484848484	0.5828787878787879	3	0.1290322580645161
residue_ligand	Residue–ligand	4	0.5352121212121213	0.5828787878787879	3	0.1290322580645161
residue_ligand	Residue–ligand	5	0.5175757575757576	0.5828787878787879	3	0.1290322580645161
residue_ligand	Residue–ligand	6	0.5366363636363637	0.5828787878787879	3	0.1290322580645161
residue_ligand	Residue–ligand	7	0.4632121212121212	0.5828787878787879	3	0.1290322580645161
residue_ligand	Residue–ligand	8	0.4541212121212121	0.5828787878787879	3	0.1290322580645161
residue_ligand	Residue–ligand	9	0.5131818181818183	0.5828787878787879	3	0.1290322580645161
residue_ligand	Residue–ligand	10	0.4480303030303031	0.5828787878787879	3	0.1290322580645161
residue_ligand	Residue–ligand	11	0.4653636363636363	0.5828787878787879	3	0.1290322580645161
residue_ligand	Residue–ligand	12	0.4402424242424242	0.5828787878787879	3	0.1290322580645161
residue_ligand	Residue–ligand	13	0.5367272727272728	0.5828787878787879	3	0.1290322580645161
residue_ligand	Residue–ligand	14	0.5896363636363636	0.5828787878787879	3	0.1290322580645161
residue_ligand	Residue–ligand	15	0.5163939393939394	0.5828787878787879	3	0.1290322580645161
residue_ligand	Residue–ligand	16	0.5742424242424243	0.5828787878787879	3	0.1290322580645161
residue_ligand	Residue–ligand	17	0.5491515151515152	0.5828787878787879	3	0.1290322580645161
residue_ligand	Residue–ligand	18	0.6233030303030302	0.5828787878787879	3	0.1290322580645161
residue_ligand	Residue–ligand	19	0.4123030303030303	0.5828787878787879	3	0.1290322580645161
residue_ligand	Residue–ligand	20	0.5204848484848484	0.5828787878787879	3	0.1290322580645161
residue_ligand	Residue–ligand	21	0.4329090909090909	0.5828787878787879	3	0.1290322580645161
residue_ligand	Residue–ligand	22	0.5208181818181817	0.5828787878787879	3	0.1290322580645161
residue_ligand	Residue–ligand	23	0.445	0.5828787878787879	3	0.1290322580645161
residue_ligand	Residue–ligand	24	0.518939393939394	0.5828787878787879	3	0.1290322580645161
residue_ligand	Residue–ligand	25	0.5784242424242425	0.5828787878787879	3	0.1290322580645161
residue_ligand	Residue–ligand	26	0.5976666666666667	0.5828787878787879	3	0.1290322580645161
residue_ligand	Residue–ligand	27	0.4659393939393939	0.5828787878787879	3	0.1290322580645161
residue_ligand	Residue–ligand	28	0.3896363636363636	0.5828787878787879	3	0.1290322580645161
residue_ligand	Residue–ligand	29	0.5535757575757576	0.5828787878787879	3	0.1290322580645161
residue_ligand	Residue–ligand	30	0.4563636363636364	0.5828787878787879	3	0.1290322580645161
residue_cofactor	Residue–GTP	1	0.5043939393939394	0.594030303030303	0	0.032258064516129
residue_cofactor	Residue–GTP	2	0.4589696969696969	0.594030303030303	0	0.032258064516129
residue_cofactor	Residue–GTP	3	0.5711818181818182	0.594030303030303	0	0.032258064516129
residue_cofactor	Residue–GTP	4	0.5644848484848485	0.594030303030303	0	0.032258064516129
residue_cofactor	Residue–GTP	5	0.4632424242424243	0.594030303030303	0	0.032258064516129
residue_cofactor	Residue–GTP	6	0.4714242424242424	0.594030303030303	0	0.032258064516129
residue_cofactor	Residue–GTP	7	0.4766666666666667	0.594030303030303	0	0.032258064516129
residue_cofactor	Residue–GTP	8	0.454030303030303	0.594030303030303	0	0.032258064516129
residue_cofactor	Residue–GTP	9	0.4473333333333333	0.594030303030303	0	0.032258064516129
residue_cofactor	Residue–GTP	10	0.4181212121212121	0.594030303030303	0	0.032258064516129
residue_cofactor	Residue–GTP	11	0.4956060606060606	0.594030303030303	0	0.032258064516129
residue_cofactor	Residue–GTP	12	0.5085454545454546	0.594030303030303	0	0.032258064516129
residue_cofactor	Residue–GTP	13	0.4882121212121212	0.594030303030303	0	0.032258064516129
residue_cofactor	Residue–GTP	14	0.5232727272727273	0.594030303030303	0	0.032258064516129
residue_cofactor	Residue–GTP	15	0.509	0.594030303030303	0	0.032258064516129
residue_cofactor	Residue–GTP	16	0.4614545454545454	0.594030303030303	0	0.032258064516129
residue_cofactor	Residue–GTP	17	0.5365454545454544	0.594030303030303	0	0.032258064516129
residue_cofactor	Residue–GTP	18	0.4817878787878789	0.594030303030303	0	0.032258064516129
residue_cofactor	Residue–GTP	19	0.5094545454545455	0.594030303030303	0	0.032258064516129
residue_cofactor	Residue–GTP	20	0.5464848484848486	0.594030303030303	0	0.032258064516129
residue_cofactor	Residue–GTP	21	0.4673939393939394	0.594030303030303	0	0.032258064516129
residue_cofactor	Residue–GTP	22	0.4719393939393939	0.594030303030303	0	0.032258064516129
residue_cofactor	Residue–GTP	23	0.4804848484848484	0.594030303030303	0	0.032258064516129
residue_cofactor	Residue–GTP	24	0.468	0.594030303030303	0	0.032258064516129
residue_cofactor	Residue–GTP	25	0.4842727272727272	0.594030303030303	0	0.032258064516129
residue_cofactor	Residue–GTP	26	0.4988181818181818	0.594030303030303	0	0.032258064516129
residue_cofactor	Residue–GTP	27	0.5821212121212122	0.594030303030303	0	0.032258064516129
residue_cofactor	Residue–GTP	28	0.5263030303030303	0.594030303030303	0	0.032258064516129
residue_cofactor	Residue–GTP	29	0.4626060606060606	0.594030303030303	0	0.032258064516129
residue_cofactor	Residue–GTP	30	0.4375151515151515	0.594030303030303	0	0.032258064516129
residue_residue	Residue–residue	1	0.4137575757575757	0.6427878787878787	0	0.032258064516129
residue_residue	Residue–residue	2	0.5418484848484849	0.6427878787878787	0	0.032258064516129
residue_residue	Residue–residue	3	0.5024242424242424	0.6427878787878787	0	0.032258064516129
residue_residue	Residue–residue	4	0.5307575757575758	0.6427878787878787	0	0.032258064516129
residue_residue	Residue–residue	5	0.5358484848484849	0.6427878787878787	0	0.032258064516129
residue_residue	Residue–residue	6	0.5299090909090909	0.6427878787878787	0	0.032258064516129
residue_residue	Residue–residue	7	0.4669090909090909	0.6427878787878787	0	0.032258064516129
residue_residue	Residue–residue	8	0.473969696969697	0.6427878787878787	0	0.032258064516129
residue_residue	Residue–residue	9	0.5477878787878787	0.6427878787878787	0	0.032258064516129
residue_residue	Residue–residue	10	0.5185757575757575	0.6427878787878787	0	0.032258064516129
residue_residue	Residue–residue	11	0.4655151515151515	0.6427878787878787	0	0.032258064516129
residue_residue	Residue–residue	12	0.5295454545454545	0.6427878787878787	0	0.032258064516129
residue_residue	Residue–residue	13	0.395060606060606	0.6427878787878787	0	0.032258064516129
residue_residue	Residue–residue	14	0.4994242424242424	0.6427878787878787	0	0.032258064516129
residue_residue	Residue–residue	15	0.4279090909090909	0.6427878787878787	0	0.032258064516129
residue_residue	Residue–residue	16	0.4350303030303031	0.6427878787878787	0	0.032258064516129
residue_residue	Residue–residue	17	0.5464848484848485	0.6427878787878787	0	0.032258064516129
residue_residue	Residue–residue	18	0.4655151515151515	0.6427878787878787	0	0.032258064516129
residue_residue	Residue–residue	19	0.4374848484848486	0.6427878787878787	0	0.032258064516129
residue_residue	Residue–residue	20	0.5696363636363637	0.6427878787878787	0	0.032258064516129
residue_residue	Residue–residue	21	0.428	0.6427878787878787	0	0.032258064516129
residue_residue	Residue–residue	22	0.5001515151515151	0.6427878787878787	0	0.032258064516129
residue_residue	Residue–residue	23	0.5145151515151515	0.6427878787878787	0	0.032258064516129
residue_residue	Residue–residue	24	0.4778181818181818	0.6427878787878787	0	0.032258064516129
residue_residue	Residue–residue	25	0.5195454545454545	0.6427878787878787	0	0.032258064516129
residue_residue	Residue–residue	26	0.4416969696969697	0.6427878787878787	0	0.032258064516129
residue_residue	Residue–residue	27	0.3864848484848484	0.6427878787878787	0	0.032258064516129
residue_residue	Residue–residue	28	0.4712121212121213	0.6427878787878787	0	0.032258064516129
residue_residue	Residue–residue	29	0.4596363636363636	0.6427878787878787	0	0.032258064516129
residue_residue	Residue–residue	30	0.5193030303030303	0.6427878787878787	0	0.032258064516129
combined_all	Combined	1	0.3960909090909091	0.6236060606060606	0	0.032258064516129
combined_all	Combined	2	0.5390303030303031	0.6236060606060606	0	0.032258064516129
combined_all	Combined	3	0.488030303030303	0.6236060606060606	0	0.032258064516129
combined_all	Combined	4	0.5363030303030303	0.6236060606060606	0	0.032258064516129
combined_all	Combined	5	0.5356969696969697	0.6236060606060606	0	0.032258064516129
combined_all	Combined	6	0.5297575757575758	0.6236060606060606	0	0.032258064516129
combined_all	Combined	7	0.4708787878787879	0.6236060606060606	0	0.032258064516129
combined_all	Combined	8	0.4711515151515152	0.6236060606060606	0	0.032258064516129
combined_all	Combined	9	0.5531515151515152	0.6236060606060606	0	0.032258064516129
combined_all	Combined	10	0.5289090909090909	0.6236060606060606	0	0.032258064516129
combined_all	Combined	11	0.4608484848484848	0.6236060606060606	0	0.032258064516129
combined_all	Combined	12	0.5305151515151515	0.6236060606060606	0	0.032258064516129
combined_all	Combined	13	0.3902121212121212	0.6236060606060606	0	0.032258064516129
combined_all	Combined	14	0.5207272727272728	0.6236060606060606	0	0.032258064516129
combined_all	Combined	15	0.4279090909090909	0.6236060606060606	0	0.032258064516129
combined_all	Combined	16	0.4306060606060606	0.6236060606060606	0	0.032258064516129
combined_all	Combined	17	0.548969696969697	0.6236060606060606	0	0.032258064516129
combined_all	Combined	18	0.4634848484848485	0.6236060606060606	0	0.032258064516129
combined_all	Combined	19	0.4235757575757576	0.6236060606060606	0	0.032258064516129
combined_all	Combined	20	0.5635757575757576	0.6236060606060606	0	0.032258064516129
combined_all	Combined	21	0.4359090909090909	0.6236060606060606	0	0.032258064516129
combined_all	Combined	22	0.4934848484848484	0.6236060606060606	0	0.032258064516129
combined_all	Combined	23	0.5095454545454546	0.6236060606060606	0	0.032258064516129
combined_all	Combined	24	0.5059393939393939	0.6236060606060606	0	0.032258064516129
combined_all	Combined	25	0.5329999999999999	0.6236060606060606	0	0.032258064516129
combined_all	Combined	26	0.462030303030303	0.6236060606060606	0	0.032258064516129
combined_all	Combined	27	0.410030303030303	0.6236060606060606	0	0.032258064516129
combined_all	Combined	28	0.4998787878787879	0.6236060606060606	0	0.032258064516129
combined_all	Combined	29	0.4633939393939393	0.6236060606060606	0	0.032258064516129
combined_all	Combined	30	0.5226363636363637	0.6236060606060606	0	0.032258064516129
