ligand_id	barrier	group	PRO2-PRO3	PRO2-PRO4	PRO2-PRO5	PRO2-PRO6	PRO2-PRO7	PRO2-PRO8	PRO2-PRO9	PRO2-PRO10	PRO2-PRO11	PRO2-PRO12	PRO2-PRO13	PRO2-PRO14	PRO2-PRO15	PRO2-PRO16	PRO2-PRO17	PRO2-PRO18	PRO2-PRO19	PRO2-PRO20	PRO2-PRO21	PRO2-PRO22	PRO2-PRO23	PRO2-PRO24	PRO2-PRO25	PRO2-PRO26	PRO2-PRO27	PRO2-PRO28	PRO2-PRO29
PV-008757770384	26.218	low	1.348	2.584	7.829	8.398	13.811	15.84	18.421	23.211	26.784	28.342	28.788	25.281	23.278	20.565	21.184	22.018	18.907	15.662	18.494	18.989	12.247	12.705	17.809	19.06	21.382	25.107	25.45
PV-008757900583	30.688	high	1.352	2.52	7.235	8.193	13.268	15.719	18.559	23.011	26.552	28.328	28.802	25.161	23.243	20.581	21.29	22.005	18.785	15.674	18.675	18.741	12.201	12.625	17.332	17.755	21.116	24.6	24.72
PV-008758319457	30.362	high	1.35	2.744	6.111	8.04	12.342	15.546	17.632	22.45	26.057	27.717	28.232	24.69	22.86	20.129	20.796	21.968	18.705	15.418	18.737	18.976	12.199	12.604	17.851	18.777	21.699	24.614	24.689
PV-008758448064	27.958	low	1.353	2.707	6.394	7.784	12.531	15.2	17.836	22.425	26.006	27.798	28.304	24.742	22.941	20.229	20.902	21.989	18.924	15.421	18.655	19.281	12.581	12.756	18.038	19.152	21.948	25.358	26.041
PV-008758567449	31.089	high	1.346	2.956	7.128	7.077	13.364	15.317	18.672	22.91	26.401	27.904	28.326	24.681	22.772	20.066	20.724	21.455	18.364	15.167	18.031	18.131	11.386	12.325	17.05	16.947	21.07	24.134	24.039
PV-008758737063	26.733	low	1.353	2.654	6.042	8.026	12.548	15.203	17.623	22.332	25.95	27.719	28.275	24.73	23.014	20.248	20.898	22.051	18.949	15.382	18.601	19.124	12.364	12.684	18.002	19.213	21.726	24.873	24.984
PV-008758845349	28.714	middle	1.343	2.592	6.81	8.211	13.068	15.352	18.538	22.663	26.216	28.021	28.54	24.776	23.051	20.398	21.194	22.048	18.728	15.768	18.874	18.91	12.129	12.997	17.847	18.174	21.642	24.67	25.078
PV-008759176601	30.513	high	1.353	2.907	6.398	8.129	12.587	15.138	18.268	22.645	26.22	27.843	28.288	24.656	22.745	20.053	20.713	21.597	18.44	15.249	18.259	18.407	11.801	12.253	17.238	18.162	21.461	24.453	24.901
PV-008759292011	29.61	high																											
PV-008759292012	25.739	low	1.345	2.694	7.124	8.251	13.187	15.67	18.335	22.918	26.489	28.211	28.612	25.001	22.946	20.317	20.978	21.909	18.794	15.387	18.483	18.927	12.314	12.477	17.789	18.195	21.741	24.78	24.252
PV-008759682543	32.137	high	1.347	2.525	6.666	8.288	12.83	15.767	17.963	22.683	26.293	28.134	28.624	25.138	23.265	20.512	21.11	22.382	19.298	15.795	19.122	19.631	12.826	13.025	18.717	18.126	22.328	25.286	25.419
PV-008760102914	30.869	high	1.352	2.914	6.632	8.101	12.851	15.442	17.638	22.382	25.978	27.863	28.421	24.724	23.064	20.382	21.167	22.156	18.92	15.524	18.59	19.361	12.645	12.841	18.197	19.064	21.997	24.819	24.741
PV-008760566452	28.662	middle	1.345	2.898	6.476	8.033	12.857	15.337	17.813	22.483	26.087	27.756	28.244	24.5	22.728	20.088	20.799	22.022	18.654	15.37	18.774	19.177	12.452	12.778	18.162	18.791	21.93	24.9	25.478
PV-008760598416	30.161	high	1.349	2.951	6.612	7.892	12.567	15.563	18.042	22.541	26.132	28.17	28.857	25.15	23.489	20.748	21.403	22.467	19.331	15.879	19.153	19.518	12.804	13.02	18.354	18.226	22.341	25.516	25.975
PV-008760775061	30.605	high																											
PV-008761084195	29.846	high																											
PV-008761610892	27.893	low																											
PV-008761710158	28.447	middle	1.345	2.949	6.77	7.758	12.731	15.568	17.938	22.486	26.05	27.979	28.436	24.764	22.796	20.15	20.908	21.914	17.885	15.455	18.772	18.996	12.088	13.023	18.25	18.685	21.821	25.073	25.149
PV-008761780643	27.212	low	1.354	2.754	6.486	8.294	12.849	15.591	17.885	22.554	26.122	27.952	28.477	24.683	23.05	20.396	21.151	22.292	19.151	15.716	19.017	19.466	12.752	13.024	18.258	19.412	21.942	25.183	24.848
PV-008761780644	29.632	high	1.348	2.861	6.273	8.256	12.839	15.311	17.776	22.482	26.054	27.789	28.312	24.478	22.845	20.233	21.03	21.871	18.65	15.442	18.463	18.59	11.939	12.691	17.365	18.272	21.169	24.429	24.819
PV-008761814083	29.812	high	1.35	2.722	6.368	8.277	12.959	15.16	18.178	22.768	26.262	27.761	28.166	24.548	22.536	19.836	20.58	21.354	18.176	15.054	18.027	17.999	11.328	12.181	16.749	16.723	20.783	24.118	24.195
PV-008761836158	29.782	high	1.348	2.559	6.689	7.592	12.802	15.673	18.043	22.512	26.082	28.139	28.806	24.808	23.277	20.609	21.303	22.257	19.086	15.819	18.947	19.189	12.487	13.101	17.83	18.988	22.138	25.371	25.466
PV-008761836159	28.624	middle	1.352	2.917	6.496	7.77	12.794	15.675	17.926	22.484	26.054	28.113	28.609	24.754	22.974	20.406	21.257	21.89	18.536	15.565	18.556	18.532	11.839	12.537	17.315	17.694	21.006	24.468	25.062
PV-008761836160	27.522	low	1.346	2.831	6.937	8.395	13.214	15.912	18.375	22.948	26.523	28.36	28.841	25.081	23.272	20.633	21.351	22.215	19.143	15.778	18.834	19.269	12.419	12.889	18.011	18.217	21.921	25.46	25.507
PV-008762155505	29.702	high																											
PV-008762348949	31.505	high	1.351	2.717	6.009	8.183	12.57	15.223	17.776	22.436	26.032	27.689	28.16	24.695	22.696	19.972	20.609	21.783	18.659	15.075	18.39	18.862	12.197	12.397	17.654	19.137	21.627	24.529	24.449
PV-008762892984	29.335	high	1.355	2.822	6.657	8.135	12.725	15.242	17.963	22.607	26.207	27.935	28.485	24.98	23.244	20.418	21.141	22.196	19.036	15.616	18.876	19.338	12.529	13.032	18.297	18.945	22.204	25.414	25.686
PV-008762980755	30.176	high	1.35	2.722	6.715	8.136	13.137	15.393	18.45	22.804	26.282	27.838	28.29	24.541	22.655	20.038	20.784	21.679	18.546	15.085	18.274	18.581	12.024	12.118	17.186	18.426	21.442	24.529	24.634
PV-008763200437	25.601	low	1.347	2.754	6.495	8.074	12.831	15.517	18.136	22.716	26.306	28.14	28.589	24.927	22.989	20.337	21.047	21.91	18.73	15.5	18.573	18.748	12.033	12.742	17.502	18.063	21.163	24.602	24.791
PV-008763273438	25.65	low	1.35	2.607	6.553	8.315	12.713	15.095	18.163	22.677	26.245	27.856	28.387	24.928	23.054	20.346	21.039	22.094	18.708	15.598	18.847	19.025	12.306	12.736	17.72	18.236	21.731	25.092	25.194
PV-008763360353	27.047	low																											
PV-008763640782	28.111	middle																											
PV-008763640783	31.361	high	1.344	2.525	6.816	8.357	13.206	15.446	18.275	22.91	26.408	27.923	28.367	24.765	22.751	20.085	20.819	21.665	18.355	15.502	18.529	18.579	11.878	12.634	17.543	17.877	21.131	24.488	24.509
PV-008763640784	32.232	high																											
PV-008763728970	29.474	high																											
PV-008764318424	30.931	high	1.343	2.455	6.364	8.01	12.633	15.32	17.807	22.4	25.992	27.962	28.472	24.979	23.067	20.333	20.978	22.2	18.878	15.456	18.593	18.739	12.009	12.701	17.522	18.193	21.283	24.497	24.911
PV-008765179181	30.89	high	1.349	2.563	6.253	8.178	12.651	15.456	17.696	22.434	26.024	27.717	28.25	24.621	22.916	20.224	20.904	22.064	18.956	15.474	18.701	19.311	12.507	12.556	18.127	17.885	21.985	24.785	24.5
PV-008765328058	31.503	high	1.352	2.889	6.635	8.153	13.057	15.293	18.215	22.745	26.272	27.971	28.5	24.782	23.104	20.43	21.154	22.377	19.204	15.69	19.132	19.511	12.722	13.238	18.373	19.78	22.114	25.106	25.174
PV-008765546742	25.418	low	1.345	2.791	6.667	8.307	13.218	15.197	18.348	22.804	26.308	27.792	28.25	24.493	22.622	20.003	20.753	21.494	18.306	15.098	18.026	18.466	11.689	12.358	17.357	18.583	20.914	24.361	24.185
PV-008765810937	30.42	high	1.35	2.438	6.586	8.287	13.211	15.215	18.425	22.793	26.275	27.727	28.166	24.541	22.556	19.865	20.573	21.292	17.99	15.144	18.167	18.131	11.367	12.474	17.281	18.128	21.097	24.324	24.077
PV-008765810938	31.158	high	1.35	2.872	6.693	8.077	12.805	15.508	17.816	22.558	26.144	27.963	28.453	24.854	23.001	20.29	21.033	22.1	18.948	15.567	18.853	19.186	12.395	12.994	18.126	17.931	21.89	25.034	25.196
PV-008765810939	26.93	low	1.352	3.16	7.668	8.09	13.78	15.846	18.86	23.382	26.879	28.324	28.769	25.268	23.239	20.546	21.203	22.199	19.076	15.658	18.78	19.186	12.502	13.014	17.897	19.161	21.862	25.032	25.342
PV-008766013536	27.56	low																											
PV-008766033961	30.263	high	1.347	2.856	7.383	8.066	13.138	15.732	18.563	23.137	26.738	28.229	28.669	25.291	23.278	20.481	20.961	22.312	19.292	15.613	18.596	19.252	12.56	12.856	17.875	18.254	21.728	24.729	24.781
PV-008767128607	31.252	high	1.35	2.747	6.63	8.107	12.994	15.188	18.197	22.647	26.107	27.675	28.152	24.577	22.659	19.982	20.709	21.482	18.258	15.15	18.191	18.443	11.669	12.089	17.351	17.443	21.167	24.281	24.43
PV-008767128608	29.84	high	1.347	2.787	6.531	8.299	13.078	15.626	17.793	22.738	26.328	28.005	28.53	24.679	23.017	20.377	21.175	21.932	18.606	15.729	18.739	18.495	11.81	12.863	17.487	18.669	21.537	24.851	25.17
PV-008767251949	31.155	high	1.346	2.756	6.482	7.817	12.501	15.374	18.41	22.581	26.145	28.158	28.622	25.022	23.161	20.421	21.036	22.145	19.014	15.623	18.828	19.173	12.486	13.0	17.882	18.598	21.956	24.898	24.715
PV-008767411074	25.829	low	1.348	2.681	7.753	8.633	13.605	15.524	18.748	23.085	26.608	28.173	28.661	24.979	23.16	20.477	21.203	21.816	17.992	15.6	18.409	18.563	11.761	12.801	17.59	18.302	21.157	24.814	24.709
PV-008767544594	30.331	high																											
PV-008767612180	26.602	low	1.346	2.826	6.232	8.03	12.709	15.212	17.709	22.381	25.982	27.677	28.217	24.931	22.921	20.193	20.908	22.173	18.898	15.478	18.825	19.324	12.555	12.878	18.075	18.982	21.925	25.18	25.322
PV-008768317754	28.345	middle	1.346	2.725	6.99	7.931	12.858	15.267	18.554	22.688	26.231	28.074	28.512	24.787	22.923	20.251	20.937	21.63	18.431	15.347	18.39	18.426	11.678	12.597	17.423	18.569	21.072	24.651	24.491
PV-008768515159	30.334	high	1.356	2.898	6.591	8.129	12.732	15.397	17.652	22.324	25.917	27.857	28.401	24.806	23.09	20.396	21.1	22.266	19.028	15.679	19.044	19.442	12.719	12.938	18.184	19.535	21.983	25.197	25.328
PV-008768623280	28.908	middle	1.346	2.374	7.0	7.979	12.833	15.844	18.101	22.614	26.191	28.215	28.666	25.031	23.12	20.421	21.055	22.142	18.983	15.586	18.726	19.129	12.525	12.832	17.848	19.395	21.731	24.852	24.709
PV-008768638669	26.353	low	1.348	2.675	6.661	8.092	12.744	15.44	18.082	22.663	26.242	27.897	28.388	24.809	22.98	20.275	20.949	21.927	18.807	15.419	18.561	19.123	12.368	12.382	17.925	17.813	21.843	24.984	24.993
PV-008768827993	31.294	high	1.348	2.816	7.124	8.429	13.364	15.53	18.028	22.91	26.515	28.099	28.594	25.01	23.173	20.464	21.115	22.328	19.252	15.57	18.694	19.395	12.723	12.895	18.032	19.528	21.797	24.967	24.733
PV-008769142754	30.459	high	1.348	2.666	6.709	8.229	12.816	15.639	17.822	22.519	26.079	27.932	28.443	24.701	22.935	20.29	21.079	21.879	18.744	15.306	18.177	18.808	12.193	12.155	17.365	18.918	21.425	24.701	24.481
PV-008769162671	29.721	high	1.34	2.815	6.872	8.276	13.164	15.532	18.431	22.953	26.55	28.273	28.633	24.836	22.788	20.193	20.912	21.489	18.321	15.249	18.039	18.069	11.524	11.845	16.521	17.206	21.052	24.28	24.419
PV-008769381186	28.672	middle	1.351	2.824	7.083	8.495	13.413	15.506	18.527	23.055	26.557	28.12	28.566	24.843	22.92	20.298	21.082	21.719	18.534	15.547	18.427	18.523	11.799	12.853	17.389	17.662	21.176	24.504	24.568
PV-008769671712	27.793	low	1.342	2.877	7.046	8.475	13.42	15.266	19.24	23.293	26.787	28.234	28.639	25.053	23.096	20.347	20.929	21.878	18.745	15.412	18.452	18.605	11.963	12.536	17.404	18.217	21.207	24.468	24.873
PV-008769775183	30.149	high	1.347	2.664	6.205	7.822	12.408	15.551	17.508	22.163	25.719	27.765	28.313	24.651	22.829	20.174	20.893	21.981	18.059	15.456	18.637	18.874	12.069	12.791	17.708	17.782	21.878	24.67	24.566
PV-008770025955	30.748	high	1.348	2.825	6.394	7.785	12.681	15.46	17.854	22.445	26.035	28.049	28.545	24.747	22.998	20.365	21.13	22.044	18.589	15.749	19.03	19.041	12.296	12.939	17.998	17.98	21.952	25.132	25.312
PV-008770051954	26.15	low	1.347	2.744	7.785	7.98	13.193	15.469	18.362	22.8	26.324	27.889	28.295	24.703	22.713	20.019	20.625	21.661	18.565	15.177	18.214	18.619	11.95	12.368	17.293	17.407	21.361	24.492	24.314
PV-008770114456	28.151	middle	1.346	2.799	6.632	7.828	12.698	15.5	17.957	22.556	26.115	27.871	28.372	24.74	22.935	20.22	20.977	22.192	18.012	15.619	18.792	19.202	12.543	12.745	17.871	19.432	22.141	25.208	25.102
PV-008770311606	30.289	high	1.344	2.864	6.751	8.231	12.922	15.229	18.183	22.802	26.341	27.912	28.318	24.553	22.52	19.968	20.794	21.346	18.047	15.328	18.435	18.167	11.423	12.253	17.32	17.102	21.018	24.497	24.708
PV-008770425419	30.17	high	1.352	2.538	6.735	8.148	13.009	15.578	17.996	22.732	26.345	28.034	28.531	24.863	23.056	20.364	21.088	22.14	18.885	15.773	19.037	19.012	12.286	13.003	17.861	18.308	21.911	25.152	24.894
PV-008770637437	29.724	high	1.347	3.192	7.12	8.41	13.284	15.696	18.124	22.814	26.366	27.943	28.539	25.017	23.345	20.649	21.332	22.797	19.483	15.965	19.425	20.078	13.382	13.269	18.664	19.483	22.572	25.531	25.315
PV-008771812825	28.774	middle	1.35	2.711	6.715	8.369	13.218	15.513	18.247	22.939	26.522	28.067	28.525	24.833	22.935	20.3	21.078	21.797	18.621	15.464	18.39	18.209	11.625	12.516	17.1	17.502	21.217	24.273	24.738
PV-008772811922	30.87	high	1.348	2.628	7.32	7.91	13.102	15.65	18.193	22.67	26.221	28.141	28.682	25.007	23.444	20.64	21.237	22.411	19.186	15.783	18.955	19.474	12.789	13.015	18.212	18.392	22.2	25.268	25.099
PV-008772956252	26.244	low	1.35	2.801	6.464	8.055	13.001	15.171	18.187	22.624	26.114	27.665	28.144	24.405	22.591	19.952	20.683	21.817	17.819	15.172	18.443	19.069	12.328	12.602	18.023	19.12	21.678	24.557	24.491
PV-008773179162	28.737	middle																											
PV-008773400095	30.334	high	1.352	3.044	6.446	8.091	12.783	15.241	18.332	22.751	26.317	27.994	28.373	24.63	22.587	19.989	20.697	21.623	18.504	15.119	18.228	18.495	11.918	12.472	17.165	17.975	21.18	24.446	24.524
PV-008773405040	28.173	middle	1.349	2.937	6.9	7.578	12.65	15.37	17.824	22.295	25.822	27.767	28.381	24.362	22.972	20.363	21.034	22.093	18.957	15.455	18.703	19.229	12.48	12.846	18.055	18.394	21.894	24.783	24.396
PV-008773530883	26.897	low																											
PV-008773613007	31.056	high	1.346	2.811	6.543	8.032	12.97	15.161	17.818	22.403	25.907	27.526	28.071	24.454	22.664	20.013	20.843	21.685	18.391	15.351	18.445	18.463	11.657	12.342	17.311	17.609	21.322	24.32	24.62
PV-008773714513	30.963	high																											
PV-008773717469	29.334	high	1.353	3.129	6.458	7.883	12.755	15.242	17.874	22.477	26.062	27.903	28.437	24.767	23.027	20.358	21.118	22.037	18.892	15.529	18.741	19.185	12.391	12.988	18.162	19.467	21.646	25.074	24.955
PV-008773819830	30.808	high	1.345	3.105	6.631	7.8	12.793	15.318	17.767	22.343	25.908	27.911	28.394	24.616	22.817	20.166	20.968	21.959	17.937	15.398	18.693	18.919	12.14	12.811	17.726	19.297	21.701	24.71	25.02
PV-008774016306	29.522	high	1.345	2.445	6.48	8.092	12.752	15.78	18.297	22.787	26.358	28.223	28.584	25.113	22.964	20.245	20.776	21.616	18.511	15.241	18.166	18.438	11.833	12.072	17.022	16.968	20.869	24.182	24.31
PV-008774017199	28.224	middle	1.352	2.914	6.81	8.068	12.976	15.827	18.241	22.804	26.393	28.276	28.721	25.144	23.217	20.519	21.142	22.164	19.065	15.683	18.782	19.268	12.497	12.913	18.022	18.341	22.069	25.176	25.379
PV-008774017200	29.068	high	1.352	2.534	6.546	8.354	13.282	15.642	18.36	22.923	26.507	28.237	28.704	25.067	23.178	20.487	21.191	21.991	18.859	15.584	18.614	19.028	12.22	12.838	17.924	18.98	21.547	25.019	25.329
PV-008774133588	30.879	high	1.351	2.528	6.465	7.845	12.543	15.277	17.375	22.152	25.733	27.664	28.235	24.665	23.005	20.281	20.965	22.185	18.94	15.513	18.865	19.344	12.562	12.864	18.153	18.901	22.115	25.334	25.348
PV-008774327569	29.469	high																											
PV-008774877441	30.193	high	1.352	2.912	6.449	7.997	12.633	15.311	17.58	22.259	25.826	27.759	28.242	24.6	22.763	20.123	20.845	21.899	18.776	15.32	18.49	18.837	12.215	12.647	17.501	19.046	21.773	24.976	25.571
PV-008775010456	29.724	high	1.35	2.623	6.469	8.02	12.682	15.185	17.525	22.268	25.857	27.628	28.161	24.527	22.761	20.049	20.84	21.868	18.699	15.282	18.671	19.015	12.269	12.351	17.775	17.292	21.38	24.395	24.354
PV-008775077920	31.164	high	1.343	2.8	7.296	8.412	13.352	15.443	18.148	22.819	26.415	27.971	28.449	24.892	22.99	20.252	20.971	21.997	18.888	15.361	18.398	18.704	12.006	12.554	17.399	17.955	21.063	24.418	24.292
PV-008775077921	30.519	high	1.347	3.679	6.807	9.053	13.389	16.007	18.53	23.194	26.788	28.583	29.062	25.335	23.469	20.872	21.628	22.715	19.48	16.031	19.281	19.571	13.096	12.287	17.854	19.528	22.329	25.358	25.796
PV-008775091835	26.242	low	1.348	2.775	6.857	8.398	13.122	15.757	19.02	23.221	26.766	28.446	28.805	25.208	23.079	20.395	21.074	21.883	18.094	15.497	18.419	18.715	11.878	12.928	17.679	18.99	21.723	24.546	24.48
PV-008775634040	28.224	middle																											
PV-008776894421	30.082	high																											
PV-008777014626	30.475	high	1.347	2.888	6.641	7.905	12.887	15.682	18.166	22.6	26.151	28.22	28.764	24.805	23.162	20.526	21.233	22.206	19.082	15.662	18.953	19.34	12.558	12.896	18.239	18.467	22.119	25.396	25.232
PV-008777246836	28.696	middle	1.348	2.856	7.109	8.333	13.348	15.782	18.68	23.212	26.78	28.352	28.75	25.301	23.183	20.453	20.997	22.156	19.12	15.552	18.55	19.274	12.703	12.704	17.825	19.349	21.74	24.728	24.327
PV-008777518351	27.822	low	1.35	2.574	6.281	7.958	12.667	15.594	17.859	22.507	26.106	28.128	28.635	24.988	23.166	20.502	21.2	22.6	18.351	16.002	19.532	19.465	12.763	12.999	18.232	19.233	22.172	25.135	25.447
PV-008777526060	26.121	low	1.351	2.716	6.506	8.385	13.034	15.608	18.157	22.809	26.413	28.216	28.678	25.041	23.015	20.381	21.153	21.846	18.537	15.562	18.76	18.657	11.901	12.915	17.791	17.796	21.38	24.808	25.488
PV-008777526061	28.36	middle	1.352	3.037	6.666	8.072	12.882	15.349	17.838	22.482	26.07	27.664	28.17	24.531	22.707	20.047	20.798	21.702	18.527	15.229	18.369	18.595	11.906	12.319	17.288	18.519	21.111	24.452	24.729
PV-008777649574	28.554	middle	1.343	2.676	6.692	7.651	13.073	15.044	19.034	22.976	26.43	27.995	28.473	24.919	22.999	20.296	20.998	21.958	18.808	15.423	18.7	19.007	12.323	12.741	17.8	18.088	21.867	25.047	24.713
PV-008777721620	27.427	low																											
PV-008777807930	26.571	low	1.348	2.542	6.308	7.62	12.396	15.352	17.498	22.158	25.742	27.743	28.303	24.663	23.039	20.3	21.0	22.023	18.86	15.515	18.616	19.003	12.269	12.593	17.657	17.965	21.558	24.772	24.604
PV-008777921249	29.695	high	1.348	2.785	6.856	8.03	12.84	15.487	18.582	22.633	26.229	28.18	28.662	25.095	23.232	20.486	21.138	21.946	18.812	15.578	18.498	18.62	12.084	12.705	17.216	18.593	21.302	24.699	25.258
PV-008777921250	26.842	low	1.351	3.126	6.693	8.408	13.214	15.517	18.429	22.915	26.466	28.181	28.592	24.802	22.84	20.262	21.021	21.858	18.681	15.47	18.636	18.438	12.05	12.715	16.96	18.667	21.442	24.571	25.413
PV-008777921251	30.401	high	1.347	2.713	7.456	8.392	13.464	15.748	19.016	23.139	26.698	28.327	28.747	25.094	23.057	20.457	21.203	21.918	18.719	15.629	18.561	18.469	11.86	12.61	17.291	17.08	21.117	24.519	25.209
