feature	feature_type	n_low	n_high	n_total	missing_count	missing_fraction	n_unique	low_mean	high_mean	difference_high_minus_low	low_median	high_median	low_std	high_std	overall_std	cohens_d	abs_cohens_d	welch_t_stat	welch_p_value	mannwhitney_u	mannwhitney_p_value	pearson_n	pearson_corr_with_barrier	abs_pearson_corr	pearson_p_value	near_zero_variance	quality_pass	welch_fdr_bh	mannwhitney_fdr_bh	pearson_fdr_bh
PRO62-PRO1279	residue_residue	26	57	83	0	0.0	78	7.661807537078857	7.221456527709961	-0.4403510093688965	7.584000110626221	7.179999828338623	0.28005069494247437	0.36867281794548035	0.3986952006816864	-1.2809610703735392	1.2809610703735392	-5.991845607757568	1.1132853217077354e-07	198.0	1.0014959173076932e-07	83	-0.47329811884503115	0.47329811884503115	6.220108890701294e-06	False	True	0.0015012652563228812	0.008144965996280007	0.07396457564297458
PRO147-PRO1408	residue_residue	24	57	81	2	0.024096385542168676	81	40.12874984741211	39.49877166748047	-0.6299781799316406	40.16999816894531	39.465999603271484	0.4584313631057739	0.5618258118629456	0.6042835712432861	-1.1801882356502165	1.1801882356502165	-5.269186973571777	2.5952451778721297e-06	249.0	6.990656856942223e-06	81	-0.5102172536808351	0.5102172536808351	1.1404612796870688e-06	False	True	0.023331254149070446	0.10956458368067008	0.07396457564297458
PRO11-PRO1408	residue_residue	24	57	81	2	0.024096385542168676	81	27.11004066467285	26.40940284729004	-0.7006378173828125	27.082000732421875	26.361000061035156	0.4656972289085388	0.6436028480529785	0.6752344965934753	-1.173007448555124	1.173007448555124	-5.487227916717529	8.95233711162291e-07	249.0	6.990656856942223e-06	81	-0.49068659326629	0.49068659326629	3.3119044193643784e-06	False	True	0.010347622795734424	0.10956458368067008	0.07396457564297458
PRO89-PRO1408	residue_residue	24	57	81	2	0.024096385542168676	80	31.27208137512207	30.552509307861328	-0.7195720672607422	31.26599884033203	30.552000045776367	0.4852878749370575	0.6594284772872925	0.6938374042510986	-1.17223508117487	1.17223508117487	-5.448559284210205	1.0739109939095215e-06	234.5	3.417763991819811e-06	81	-0.48665143000835914	0.48665143000835914	4.0947419219810495e-06	False	True	0.010861267314652423	0.0926533033089072	0.07396457564297458
PRO126-PRO1408	residue_residue	24	57	81	2	0.024096385542168676	79	43.42478942871094	42.56661605834961	-0.8581733703613281	43.371498107910156	42.61800003051758	0.6670559048652649	0.7574192881584167	0.8276366591453552	-1.1719529341089874	1.1719529341089874	-5.074060916900635	6.039095751475543e-06	234.5	3.4173378935520304e-06	81	-0.46216303953135185	0.46216303953135185	1.4030364758316587e-05	False	True	0.03375847889401484	0.0926533033089072	0.0950849511641747
PRO83-PRO1408	residue_residue	24	57	81	2	0.024096385542168676	78	34.761165618896484	34.08891296386719	-0.6722526550292969	34.74549865722656	34.0880012512207	0.4947722256183624	0.6242234706878662	0.662227213382721	-1.1404270709761088	1.1404270709761088	-5.150486469268799	3.7293425521056633e-06	272.0	2.0796898752450943e-05	81	-0.476784498273038	0.476784498273038	6.8027437493199255e-06	False	True	0.02977112658878799	0.14765742950112326	0.07396457564297458
PRO82-PRO1408	residue_residue	24	57	81	2	0.024096385542168676	80	32.97158432006836	32.29349136352539	-0.6780929565429688	32.974998474121094	32.29999923706055	0.5087060928344727	0.6295328140258789	0.6699915528297424	-1.1360523605882862	1.1360523605882862	-5.091767311096191	4.776537934958469e-06	272.0	2.0801333448616788e-05	81	-0.47311049454801135	0.47311049454801135	8.185443354279388e-06	False	True	0.03220580702645748	0.14765742950112326	0.07396457564297458
PRO84-PRO1408	residue_residue	24	57	81	2	0.024096385542168676	80	38.56892013549805	37.910282135009766	-0.6586380004882812	38.54199981689453	37.89899826049805	0.5039187669754028	0.6143178939819336	0.6547952890396118	-1.1271591104590108	1.1271591104590108	-5.021862983703613	6.292794751061592e-06	278.0	2.7401312763686292e-05	81	-0.47480877196984334	0.47480877196984334	7.516445329851149e-06	False	True	0.03375847889401484	0.1485662642963386	0.07396457564297458
PRO85-PRO1408	residue_residue	24	57	81	2	0.024096385542168676	80	38.37387466430664	37.7103157043457	-0.6635589599609375	38.41950225830078	37.77299880981445	0.5576408505439758	0.6151782274246216	0.6687807440757751	-1.1077842049627895	1.1077842049627895	-4.740169048309326	1.977519059437327e-05	271.0	1.98604648176115e-05	81	-0.47578816943649677	0.47578816943649677	7.154306670244548e-06	False	True	0.06158490149876646	0.14765742950112326	0.07396457564297458
PRO10-PRO1408	residue_residue	24	57	81	2	0.024096385542168676	80	25.91233253479004	25.265018463134766	-0.6473140716552734	25.998001098632812	25.274999618530273	0.4952163100242615	0.6173877120018005	0.6525204181671143	-1.1075452667732903	1.1075452667732903	-4.978536128997803	7.027668743830873e-06	278.0	2.7401312763686292e-05	81	-0.4633322994162182	0.4633322994162182	1.3257284132813972e-05	False	True	0.03375847889401484	0.1485662642963386	0.0950849511641747
PRO125-PRO1408	residue_residue	24	57	81	2	0.024096385542168676	81	38.438873291015625	37.69312286376953	-0.7457504272460938	38.459503173828125	37.763999938964844	0.5932717323303223	0.7100874185562134	0.7560141086578369	-1.0996744492804968	1.0996744492804968	-4.863548755645752	1.1299412108201068e-05	269.0	1.8100812667398714e-05	81	-0.44698263109371134	0.44698263109371134	2.8746952676096365e-05	False	True	0.0481176544039236	0.14765742950112326	0.136272093935473
PRO115-PRO1408	residue_residue	24	57	81	2	0.024096385542168676	79	37.49045944213867	36.81977462768555	-0.670684814453125	37.55799865722656	36.84700012207031	0.5626142024993896	0.631777822971344	0.6821774840354919	-1.0950916597672695	1.0950916597672695	-4.719919681549072	2.0551135094137862e-05	287.5	4.2067938920808956e-05	81	-0.4548173337380103	0.4548173337380103	1.993706210373539e-05	False	True	0.06158490149876646	0.17106506682757755	0.11581296968473431
PRO148-PRO1408	residue_residue	24	57	81	2	0.024096385542168676	80	42.8143310546875	42.21075439453125	-0.60357666015625	42.80950164794922	42.20100021362305	0.49602779746055603	0.5750981569290161	0.6157624125480652	-1.0909790747324497	1.0909790747324497	-4.763625621795654	1.6812193280202337e-05	286.0	3.934205597033724e-05	81	-0.48057866936112636	0.48057866936112636	5.606849650385285e-06	False	True	0.06158490149876646	0.16840056462924144	0.07396457564297458
PRO87-PRO1408	residue_residue	24	57	81	2	0.024096385542168676	80	35.42333221435547	34.712650299072266	-0.7106819152832031	35.376502990722656	34.736000061035156	0.5113056898117065	0.7023767828941345	0.726031482219696	-1.0890924432728737	1.0890924432728737	-5.083042621612549	4.047489710501395e-06	252.0	8.083163265837356e-06	81	-0.455541240077977	0.455541240077977	1.9265434993366657e-05	False	True	0.02977112658878799	0.10956458368067008	0.11581296968473431
PRO130-PRO1408	residue_residue	24	57	81	2	0.024096385542168676	80	40.14329147338867	39.366546630859375	-0.7767448425292969	40.22050094604492	39.45100021362305	0.6368422508239746	0.7566747665405273	0.8029705882072449	-1.0730984901460021	1.0730984901460021	-4.732069969177246	1.7982036297325976e-05	262.0	1.3033613868174143e-05	81	-0.42969994362323216	0.42969994362323216	6.247486886831868e-05	False	True	0.06158490149876646	0.14765742950112326	0.1378122370596967
PRO127-PRO1408	residue_residue	24	57	81	2	0.024096385542168676	80	44.01262283325195	43.26633071899414	-0.7462921142578125	43.993499755859375	43.28300094604492	0.6252822875976562	0.7531225085258484	0.7918461561203003	-1.0390349026253605	1.0390349026253605	-4.606959819793701	2.6983561838278547e-05	284.5	3.6780707887373865e-05	81	-0.42731070603570354	0.42731070603570354	6.932524185180839e-05	False	True	0.07042709639790701	0.16618341172579676	0.13981656966406078
PRO90-PRO1408	residue_residue	24	57	81	2	0.024096385542168676	81	33.96162414550781	33.227298736572266	-0.7343254089355469	33.99300003051758	33.22800064086914	0.5402509570121765	0.7664481401443481	0.7803597450256348	-1.0370533404040772	1.0370533404040772	-4.8990631103515625	7.510228897444904e-06	290.0	4.703023296315223e-05	81	-0.4232304975944256	0.4232304975944256	8.265709708244669e-05	False	True	0.03375847889401484	0.18213689459177354	0.1480374520205598
PRO14-PRO1408	residue_residue	24	57	81	2	0.024096385542168676	80	30.461708068847656	29.893245697021484	-0.5684623718261719	30.475500106811523	29.90399932861328	0.44451165199279785	0.5878797173500061	0.6057636737823486	-1.0335508818788333	1.0335508818788333	-4.754362106323242	1.4050837307877373e-05	302.0	7.952620217110962e-05	81	-0.4487539048185636	0.4487539048185636	2.64850439442147e-05	False	True	0.05684266232901791	0.2065235038207902	0.136272093935473
PRO81-PRO1408	residue_residue	24	57	81	2	0.024096385542168676	80	30.23703956604004	29.59956169128418	-0.6374778747558594	30.304000854492188	29.59600067138672	0.549159824848175	0.6454166769981384	0.6812404990196228	-1.0299561308016125	1.0299561308016125	-4.521938323974609	3.727898729266599e-05	295.0	5.8638499467633665e-05	81	-0.43263448492200446	0.43263448492200446	5.4921431771071883e-05	False	True	0.07733956056024628	0.19870632852932127	0.136272093935473
PRO120-PRO1408	residue_residue	24	57	81	2	0.024096385542168676	80	40.459957122802734	39.82414245605469	-0.6358146667480469	40.44300079345703	39.749000549316406	0.6120864748954773	0.6244986653327942	0.6826825737953186	-1.0240087383428949	1.0240087383428949	-4.243247032165527	0.00011138602712890133	320.0	0.00017015059711411595	81	-0.46664536179235716	0.46664536179235716	1.127765533809588e-05	False	True	0.14081630398436573	0.28240832167544533	0.09171553203706474
PRO88-PRO1408	residue_residue	24	57	81	2	0.024096385542168676	81	27.360082626342773	26.6433162689209	-0.716766357421875	27.352001190185547	26.658000946044922	0.5205273032188416	0.7618390917778015	0.7698288559913635	-1.0236344815834242	1.0236344815834242	-4.891496181488037	7.371433184744092e-06	273.0	2.1786951037938707e-05	81	-0.43568411132947304	0.43568411132947304	4.797736632502473e-05	False	True	0.03375847889401484	0.14765742950112326	0.136272093935473
PRO116-PRO1408	residue_residue	24	57	81	2	0.024096385542168676	80	35.23625183105469	34.69208908081055	-0.5441627502441406	35.30400085449219	34.71699905395508	0.4705697298049927	0.5585500597953796	0.5869925022125244	-1.0182062157024228	1.0182062157024228	-4.4882097244262695	4.117607022635639e-05	302.0	7.952620217110962e-05	81	-0.4416534058139984	0.4416534058139984	3.668539373192609e-05	False	True	0.08328889605036238	0.2065235038207902	0.136272093935473
PRO131-PRO1408	residue_residue	24	57	81	2	0.024096385542168676	79	42.7486686706543	41.968387603759766	-0.7802810668945312	42.72650146484375	41.96099853515625	0.6917785406112671	0.7971094250679016	0.843140721321106	-1.0160759651337192	1.0160759651337192	-4.425495147705078	5.285996667225845e-05	276.5	2.558329470048193e-05	81	-0.40766041924329866	0.40766041924329866	0.00015847523701861712	False	True	0.09099787028622194	0.1485662642963386	0.20784316784002177
PRO119-PRO1408	residue_residue	24	57	81	2	0.024096385542168676	77	42.23524856567383	41.71432876586914	-0.5209197998046875	42.26100158691406	41.696998596191406	0.4405502378940582	0.5420060753822327	0.564556896686554	-1.012398834505555	1.012398834505555	-4.5270466804504395	3.435491453274153e-05	309.5	0.00010958918574033305	81	-0.43719201967034066	0.43719201967034066	4.4854029538827216e-05	False	True	0.07733956056024628	0.234543928891837	0.136272093935473
PRO123-PRO1408	residue_residue	24	57	81	2	0.024096385542168676	80	42.89125061035156	42.23107147216797	-0.6601791381835938	42.8120002746582	42.323001861572266	0.6207647919654846	0.6651869416236877	0.7159117460250854	-1.0116678332422822	1.0116678332422822	-4.277607440948486	9.404946467839181e-05	311.5	0.00011929731408599764	81	-0.4295604709627828	0.4295604709627828	6.28568200643031e-05	False	True	0.13110285488345022	0.24877466564066708	0.1378122370596967
PRO128-PRO1408	residue_residue	24	57	81	2	0.024096385542168676	80	45.22296142578125	44.43501663208008	-0.7879447937011719	45.33100128173828	44.59199905395508	0.6859728097915649	0.8144386410713196	0.8547931909561157	-1.011184632160507	1.011184632160507	-4.457742691040039	4.559227090794593e-05	280.0	3.0013023206265643e-05	81	-0.40650316882776966	0.40650316882776966	0.00016612119163358642	False	True	0.08383796907186149	0.14869820064632222	0.20784316784002177
PRO129-PRO1408	residue_residue	24	57	81	2	0.024096385542168676	80	41.45691680908203	40.60274124145508	-0.8541755676269531	41.53950119018555	40.75400161743164	0.6686825752258301	0.9120722413063049	0.929997980594635	-1.0067561519241945	1.0067561519241945	-4.686133861541748	1.710080869088415e-05	315.0	0.00013820131425745785	81	-0.4229279620364007	0.4229279620364007	8.37346792861451e-05	False	True	0.06158490149876646	0.2613868950216403	0.1480374520205598
PRO16-PRO1408	residue_residue	24	57	81	2	0.024096385542168676	80	25.497207641601562	24.934123992919922	-0.5630836486816406	25.444499969482422	24.929000854492188	0.4592212438583374	0.5978268980979919	0.614608108997345	-1.0036851212773104	1.0036851212773104	-4.58885383605957	2.567812589404639e-05	306.0	9.443919407203794e-05	81	-0.4333932480664997	0.4333932480664997	5.311142333621798e-05	False	True	0.07042709639790701	0.22589855222031474	0.136272093935473
PRO147-PRO162	residue_residue	26	57	83	0	0.0	79	21.66680908203125	21.452438354492188	-0.2143707275390625	21.645000457763672	21.41900062561035	0.20628200471401215	0.21709312498569489	0.2348737120628357	-1.0025927806318087	1.0025927806318087	-4.31909704208374	7.26811631466262e-05	329.5	5.452830737340264e-05	83	-0.4272425759715101	0.4272425759715101	5.6197268827183324e-05	False	True	0.10890060944802826	0.19281209487235174	0.136272093935473
PRO121-PRO1408	residue_residue	24	57	81	2	0.024096385542168676	81	46.24374771118164	45.49531936645508	-0.7484283447265625	46.37049865722656	45.56100082397461	0.8071430921554565	0.7218368649482727	0.8187118768692017	-1.0010116592140843	1.0010116592140843	-3.9289770126342773	0.0003358621324878186	331.0	0.00026650106883607805	81	-0.4383800213454959	0.4383800213454959	4.252765732214469e-05	False	True	0.3050599980924744	0.3386562332234462	0.136272093935473
