feature_set	outer_split_1	outer_split_2	n_selected_split_1	n_selected_split_2	intersection_size	union_size	jaccard_similarity
residue_ligand	1	2	21	21	21	21	1.0
residue_ligand	1	3	21	4	4	21	0.19047619047619047
residue_ligand	1	4	21	21	21	21	1.0
residue_ligand	1	5	21	12	12	21	0.5714285714285714
residue_ligand	1	6	21	21	21	21	1.0
residue_ligand	1	7	21	4	4	21	0.19047619047619047
residue_ligand	1	8	21	12	12	21	0.5714285714285714
residue_ligand	1	9	21	4	4	21	0.19047619047619047
residue_ligand	1	10	21	12	12	21	0.5714285714285714
residue_ligand	1	11	21	21	21	21	1.0
residue_ligand	1	12	21	21	21	21	1.0
residue_ligand	1	13	21	21	21	21	1.0
residue_ligand	1	14	21	12	12	21	0.5714285714285714
residue_ligand	1	15	21	4	4	21	0.19047619047619047
residue_ligand	1	16	21	12	12	21	0.5714285714285714
residue_ligand	1	17	21	4	4	21	0.19047619047619047
residue_ligand	1	18	21	21	21	21	1.0
residue_ligand	1	19	21	8	8	21	0.38095238095238093
residue_ligand	1	20	21	4	4	21	0.19047619047619047
residue_ligand	1	21	21	8	8	21	0.38095238095238093
residue_ligand	1	22	21	8	8	21	0.38095238095238093
residue_ligand	1	23	21	4	4	21	0.19047619047619047
residue_ligand	1	24	21	8	8	21	0.38095238095238093
residue_ligand	1	25	21	12	12	21	0.5714285714285714
residue_ligand	2	3	21	4	4	21	0.19047619047619047
residue_ligand	2	4	21	21	21	21	1.0
residue_ligand	2	5	21	12	12	21	0.5714285714285714
residue_ligand	2	6	21	21	21	21	1.0
residue_ligand	2	7	21	4	4	21	0.19047619047619047
residue_ligand	2	8	21	12	12	21	0.5714285714285714
residue_ligand	2	9	21	4	4	21	0.19047619047619047
residue_ligand	2	10	21	12	12	21	0.5714285714285714
residue_ligand	2	11	21	21	21	21	1.0
residue_ligand	2	12	21	21	21	21	1.0
residue_ligand	2	13	21	21	21	21	1.0
residue_ligand	2	14	21	12	12	21	0.5714285714285714
residue_ligand	2	15	21	4	4	21	0.19047619047619047
residue_ligand	2	16	21	12	12	21	0.5714285714285714
residue_ligand	2	17	21	4	4	21	0.19047619047619047
residue_ligand	2	18	21	21	21	21	1.0
residue_ligand	2	19	21	8	8	21	0.38095238095238093
residue_ligand	2	20	21	4	4	21	0.19047619047619047
residue_ligand	2	21	21	8	8	21	0.38095238095238093
residue_ligand	2	22	21	8	8	21	0.38095238095238093
residue_ligand	2	23	21	4	4	21	0.19047619047619047
residue_ligand	2	24	21	8	8	21	0.38095238095238093
residue_ligand	2	25	21	12	12	21	0.5714285714285714
residue_ligand	3	4	4	21	4	21	0.19047619047619047
residue_ligand	3	5	4	12	4	12	0.3333333333333333
residue_ligand	3	6	4	21	4	21	0.19047619047619047
residue_ligand	3	7	4	4	2	6	0.3333333333333333
residue_ligand	3	8	4	12	4	12	0.3333333333333333
residue_ligand	3	9	4	4	3	5	0.6
residue_ligand	3	10	4	12	4	12	0.3333333333333333
residue_ligand	3	11	4	21	4	21	0.19047619047619047
residue_ligand	3	12	4	21	4	21	0.19047619047619047
residue_ligand	3	13	4	21	4	21	0.19047619047619047
residue_ligand	3	14	4	12	4	12	0.3333333333333333
residue_ligand	3	15	4	4	1	7	0.14285714285714285
residue_ligand	3	16	4	12	4	12	0.3333333333333333
residue_ligand	3	17	4	4	3	5	0.6
residue_ligand	3	18	4	21	4	21	0.19047619047619047
residue_ligand	3	19	4	8	3	9	0.3333333333333333
residue_ligand	3	20	4	4	2	6	0.3333333333333333
residue_ligand	3	21	4	8	4	8	0.5
residue_ligand	3	22	4	8	4	8	0.5
residue_ligand	3	23	4	4	3	5	0.6
residue_ligand	3	24	4	8	4	8	0.5
residue_ligand	3	25	4	12	4	12	0.3333333333333333
residue_ligand	4	5	21	12	12	21	0.5714285714285714
residue_ligand	4	6	21	21	21	21	1.0
residue_ligand	4	7	21	4	4	21	0.19047619047619047
residue_ligand	4	8	21	12	12	21	0.5714285714285714
residue_ligand	4	9	21	4	4	21	0.19047619047619047
residue_ligand	4	10	21	12	12	21	0.5714285714285714
residue_ligand	4	11	21	21	21	21	1.0
residue_ligand	4	12	21	21	21	21	1.0
residue_ligand	4	13	21	21	21	21	1.0
residue_ligand	4	14	21	12	12	21	0.5714285714285714
residue_ligand	4	15	21	4	4	21	0.19047619047619047
residue_ligand	4	16	21	12	12	21	0.5714285714285714
residue_ligand	4	17	21	4	4	21	0.19047619047619047
residue_ligand	4	18	21	21	21	21	1.0
residue_ligand	4	19	21	8	8	21	0.38095238095238093
residue_ligand	4	20	21	4	4	21	0.19047619047619047
residue_ligand	4	21	21	8	8	21	0.38095238095238093
residue_ligand	4	22	21	8	8	21	0.38095238095238093
residue_ligand	4	23	21	4	4	21	0.19047619047619047
residue_ligand	4	24	21	8	8	21	0.38095238095238093
residue_ligand	4	25	21	12	12	21	0.5714285714285714
residue_ligand	5	6	12	21	12	21	0.5714285714285714
residue_ligand	5	7	12	4	4	12	0.3333333333333333
residue_ligand	5	8	12	12	11	13	0.8461538461538461
residue_ligand	5	9	12	4	4	12	0.3333333333333333
residue_ligand	5	10	12	12	9	15	0.6
residue_ligand	5	11	12	21	12	21	0.5714285714285714
residue_ligand	5	12	12	21	12	21	0.5714285714285714
residue_ligand	5	13	12	21	12	21	0.5714285714285714
residue_ligand	5	14	12	12	11	13	0.8461538461538461
residue_ligand	5	15	12	4	4	12	0.3333333333333333
residue_ligand	5	16	12	12	11	13	0.8461538461538461
residue_ligand	5	17	12	4	4	12	0.3333333333333333
residue_ligand	5	18	12	21	12	21	0.5714285714285714
residue_ligand	5	19	12	8	8	12	0.6666666666666666
residue_ligand	5	20	12	4	4	12	0.3333333333333333
residue_ligand	5	21	12	8	8	12	0.6666666666666666
residue_ligand	5	22	12	8	8	12	0.6666666666666666
residue_ligand	5	23	12	4	4	12	0.3333333333333333
residue_ligand	5	24	12	8	8	12	0.6666666666666666
residue_ligand	5	25	12	12	11	13	0.8461538461538461
residue_ligand	6	7	21	4	4	21	0.19047619047619047
residue_ligand	6	8	21	12	12	21	0.5714285714285714
residue_ligand	6	9	21	4	4	21	0.19047619047619047
residue_ligand	6	10	21	12	12	21	0.5714285714285714
residue_ligand	6	11	21	21	21	21	1.0
residue_ligand	6	12	21	21	21	21	1.0
residue_ligand	6	13	21	21	21	21	1.0
residue_ligand	6	14	21	12	12	21	0.5714285714285714
residue_ligand	6	15	21	4	4	21	0.19047619047619047
residue_ligand	6	16	21	12	12	21	0.5714285714285714
residue_ligand	6	17	21	4	4	21	0.19047619047619047
residue_ligand	6	18	21	21	21	21	1.0
residue_ligand	6	19	21	8	8	21	0.38095238095238093
residue_ligand	6	20	21	4	4	21	0.19047619047619047
residue_ligand	6	21	21	8	8	21	0.38095238095238093
residue_ligand	6	22	21	8	8	21	0.38095238095238093
residue_ligand	6	23	21	4	4	21	0.19047619047619047
residue_ligand	6	24	21	8	8	21	0.38095238095238093
residue_ligand	6	25	21	12	12	21	0.5714285714285714
residue_ligand	7	8	4	12	4	12	0.3333333333333333
residue_ligand	7	9	4	4	3	5	0.6
residue_ligand	7	10	4	12	2	14	0.14285714285714285
residue_ligand	7	11	4	21	4	21	0.19047619047619047
residue_ligand	7	12	4	21	4	21	0.19047619047619047
residue_ligand	7	13	4	21	4	21	0.19047619047619047
residue_ligand	7	14	4	12	4	12	0.3333333333333333
residue_ligand	7	15	4	4	3	5	0.6
residue_ligand	7	16	4	12	4	12	0.3333333333333333
residue_ligand	7	17	4	4	3	5	0.6
residue_ligand	7	18	4	21	4	21	0.19047619047619047
residue_ligand	7	19	4	8	4	8	0.5
residue_ligand	7	20	4	4	1	7	0.14285714285714285
residue_ligand	7	21	4	8	2	10	0.2
residue_ligand	7	22	4	8	2	10	0.2
residue_ligand	7	23	4	4	3	5	0.6
residue_ligand	7	24	4	8	4	8	0.5
residue_ligand	7	25	4	12	4	12	0.3333333333333333
residue_ligand	8	9	12	4	4	12	0.3333333333333333
residue_ligand	8	10	12	12	8	16	0.5
residue_ligand	8	11	12	21	12	21	0.5714285714285714
residue_ligand	8	12	12	21	12	21	0.5714285714285714
residue_ligand	8	13	12	21	12	21	0.5714285714285714
residue_ligand	8	14	12	12	11	13	0.8461538461538461
residue_ligand	8	15	12	4	4	12	0.3333333333333333
residue_ligand	8	16	12	12	11	13	0.8461538461538461
residue_ligand	8	17	12	4	4	12	0.3333333333333333
residue_ligand	8	18	12	21	12	21	0.5714285714285714
residue_ligand	8	19	12	8	8	12	0.6666666666666666
residue_ligand	8	20	12	4	4	12	0.3333333333333333
residue_ligand	8	21	12	8	8	12	0.6666666666666666
residue_ligand	8	22	12	8	7	13	0.5384615384615384
residue_ligand	8	23	12	4	4	12	0.3333333333333333
residue_ligand	8	24	12	8	8	12	0.6666666666666666
residue_ligand	8	25	12	12	11	13	0.8461538461538461
residue_ligand	9	10	4	12	3	13	0.23076923076923078
residue_ligand	9	11	4	21	4	21	0.19047619047619047
residue_ligand	9	12	4	21	4	21	0.19047619047619047
residue_ligand	9	13	4	21	4	21	0.19047619047619047
residue_ligand	9	14	4	12	4	12	0.3333333333333333
residue_ligand	9	15	4	4	2	6	0.3333333333333333
residue_ligand	9	16	4	12	4	12	0.3333333333333333
residue_ligand	9	17	4	4	4	4	1.0
residue_ligand	9	18	4	21	4	21	0.19047619047619047
residue_ligand	9	19	4	8	4	8	0.5
residue_ligand	9	20	4	4	1	7	0.14285714285714285
residue_ligand	9	21	4	8	3	9	0.3333333333333333
residue_ligand	9	22	4	8	3	9	0.3333333333333333
residue_ligand	9	23	4	4	4	4	1.0
residue_ligand	9	24	4	8	4	8	0.5
residue_ligand	9	25	4	12	4	12	0.3333333333333333
residue_ligand	10	11	12	21	12	21	0.5714285714285714
residue_ligand	10	12	12	21	12	21	0.5714285714285714
residue_ligand	10	13	12	21	12	21	0.5714285714285714
residue_ligand	10	14	12	12	8	16	0.5
residue_ligand	10	15	12	4	1	15	0.06666666666666667
residue_ligand	10	16	12	12	8	16	0.5
residue_ligand	10	17	12	4	3	13	0.23076923076923078
residue_ligand	10	18	12	21	12	21	0.5714285714285714
residue_ligand	10	19	12	8	6	14	0.42857142857142855
residue_ligand	10	20	12	4	4	12	0.3333333333333333
residue_ligand	10	21	12	8	8	12	0.6666666666666666
residue_ligand	10	22	12	8	8	12	0.6666666666666666
residue_ligand	10	23	12	4	3	13	0.23076923076923078
residue_ligand	10	24	12	8	5	15	0.3333333333333333
residue_ligand	10	25	12	12	8	16	0.5
residue_ligand	11	12	21	21	21	21	1.0
residue_ligand	11	13	21	21	21	21	1.0
residue_ligand	11	14	21	12	12	21	0.5714285714285714
residue_ligand	11	15	21	4	4	21	0.19047619047619047
residue_ligand	11	16	21	12	12	21	0.5714285714285714
residue_ligand	11	17	21	4	4	21	0.19047619047619047
residue_ligand	11	18	21	21	21	21	1.0
residue_ligand	11	19	21	8	8	21	0.38095238095238093
residue_ligand	11	20	21	4	4	21	0.19047619047619047
residue_ligand	11	21	21	8	8	21	0.38095238095238093
residue_ligand	11	22	21	8	8	21	0.38095238095238093
residue_ligand	11	23	21	4	4	21	0.19047619047619047
residue_ligand	11	24	21	8	8	21	0.38095238095238093
residue_ligand	11	25	21	12	12	21	0.5714285714285714
residue_ligand	12	13	21	21	21	21	1.0
residue_ligand	12	14	21	12	12	21	0.5714285714285714
residue_ligand	12	15	21	4	4	21	0.19047619047619047
residue_ligand	12	16	21	12	12	21	0.5714285714285714
residue_ligand	12	17	21	4	4	21	0.19047619047619047
residue_ligand	12	18	21	21	21	21	1.0
residue_ligand	12	19	21	8	8	21	0.38095238095238093
residue_ligand	12	20	21	4	4	21	0.19047619047619047
residue_ligand	12	21	21	8	8	21	0.38095238095238093
residue_ligand	12	22	21	8	8	21	0.38095238095238093
residue_ligand	12	23	21	4	4	21	0.19047619047619047
residue_ligand	12	24	21	8	8	21	0.38095238095238093
residue_ligand	12	25	21	12	12	21	0.5714285714285714
residue_ligand	13	14	21	12	12	21	0.5714285714285714
residue_ligand	13	15	21	4	4	21	0.19047619047619047
residue_ligand	13	16	21	12	12	21	0.5714285714285714
residue_ligand	13	17	21	4	4	21	0.19047619047619047
residue_ligand	13	18	21	21	21	21	1.0
residue_ligand	13	19	21	8	8	21	0.38095238095238093
residue_ligand	13	20	21	4	4	21	0.19047619047619047
residue_ligand	13	21	21	8	8	21	0.38095238095238093
residue_ligand	13	22	21	8	8	21	0.38095238095238093
residue_ligand	13	23	21	4	4	21	0.19047619047619047
residue_ligand	13	24	21	8	8	21	0.38095238095238093
residue_ligand	13	25	21	12	12	21	0.5714285714285714
residue_ligand	14	15	12	4	4	12	0.3333333333333333
residue_ligand	14	16	12	12	12	12	1.0
residue_ligand	14	17	12	4	4	12	0.3333333333333333
residue_ligand	14	18	12	21	12	21	0.5714285714285714
residue_ligand	14	19	12	8	8	12	0.6666666666666666
residue_ligand	14	20	12	4	4	12	0.3333333333333333
residue_ligand	14	21	12	8	8	12	0.6666666666666666
residue_ligand	14	22	12	8	7	13	0.5384615384615384
residue_ligand	14	23	12	4	4	12	0.3333333333333333
residue_ligand	14	24	12	8	8	12	0.6666666666666666
residue_ligand	14	25	12	12	12	12	1.0
residue_ligand	15	16	4	12	4	12	0.3333333333333333
residue_ligand	15	17	4	4	2	6	0.3333333333333333
residue_ligand	15	18	4	21	4	21	0.19047619047619047
residue_ligand	15	19	4	8	3	9	0.3333333333333333
residue_ligand	15	20	4	4	1	7	0.14285714285714285
residue_ligand	15	21	4	8	1	11	0.09090909090909091
residue_ligand	15	22	4	8	1	11	0.09090909090909091
residue_ligand	15	23	4	4	2	6	0.3333333333333333
residue_ligand	15	24	4	8	4	8	0.5
residue_ligand	15	25	4	12	4	12	0.3333333333333333
residue_ligand	16	17	12	4	4	12	0.3333333333333333
residue_ligand	16	18	12	21	12	21	0.5714285714285714
residue_ligand	16	19	12	8	8	12	0.6666666666666666
residue_ligand	16	20	12	4	4	12	0.3333333333333333
residue_ligand	16	21	12	8	8	12	0.6666666666666666
residue_ligand	16	22	12	8	7	13	0.5384615384615384
residue_ligand	16	23	12	4	4	12	0.3333333333333333
residue_ligand	16	24	12	8	8	12	0.6666666666666666
residue_ligand	16	25	12	12	12	12	1.0
residue_ligand	17	18	4	21	4	21	0.19047619047619047
residue_ligand	17	19	4	8	4	8	0.5
residue_ligand	17	20	4	4	1	7	0.14285714285714285
residue_ligand	17	21	4	8	3	9	0.3333333333333333
residue_ligand	17	22	4	8	3	9	0.3333333333333333
residue_ligand	17	23	4	4	4	4	1.0
residue_ligand	17	24	4	8	4	8	0.5
residue_ligand	17	25	4	12	4	12	0.3333333333333333
residue_ligand	18	19	21	8	8	21	0.38095238095238093
residue_ligand	18	20	21	4	4	21	0.19047619047619047
residue_ligand	18	21	21	8	8	21	0.38095238095238093
residue_ligand	18	22	21	8	8	21	0.38095238095238093
residue_ligand	18	23	21	4	4	21	0.19047619047619047
residue_ligand	18	24	21	8	8	21	0.38095238095238093
residue_ligand	18	25	21	12	12	21	0.5714285714285714
residue_ligand	19	20	8	4	3	9	0.3333333333333333
residue_ligand	19	21	8	8	6	10	0.6
residue_ligand	19	22	8	8	6	10	0.6
residue_ligand	19	23	8	4	4	8	0.5
residue_ligand	19	24	8	8	5	11	0.45454545454545453
residue_ligand	19	25	8	12	8	12	0.6666666666666666
residue_ligand	20	21	4	8	4	8	0.5
residue_ligand	20	22	4	8	4	8	0.5
residue_ligand	20	23	4	4	1	7	0.14285714285714285
residue_ligand	20	24	4	8	2	10	0.2
residue_ligand	20	25	4	12	4	12	0.3333333333333333
residue_ligand	21	22	8	8	7	9	0.7777777777777778
residue_ligand	21	23	8	4	3	9	0.3333333333333333
residue_ligand	21	24	8	8	5	11	0.45454545454545453
residue_ligand	21	25	8	12	8	12	0.6666666666666666
residue_ligand	22	23	8	4	3	9	0.3333333333333333
residue_ligand	22	24	8	8	4	12	0.3333333333333333
residue_ligand	22	25	8	12	7	13	0.5384615384615384
residue_ligand	23	24	4	8	4	8	0.5
residue_ligand	23	25	4	12	4	12	0.3333333333333333
residue_ligand	24	25	8	12	8	12	0.6666666666666666
residue_cofactor	1	2	20	10	10	20	0.5
residue_cofactor	1	3	20	40	17	43	0.3953488372093023
residue_cofactor	1	4	20	20	14	26	0.5384615384615384
residue_cofactor	1	5	20	77	20	77	0.2597402597402597
residue_cofactor	1	6	20	20	13	27	0.48148148148148145
residue_cofactor	1	7	20	5	5	20	0.25
residue_cofactor	1	8	20	10	9	21	0.42857142857142855
residue_cofactor	1	9	20	40	17	43	0.3953488372093023
residue_cofactor	1	10	20	5	5	20	0.25
residue_cofactor	1	11	20	40	19	41	0.4634146341463415
residue_cofactor	1	12	20	5	5	20	0.25
residue_cofactor	1	13	20	77	20	77	0.2597402597402597
residue_cofactor	1	14	20	20	13	27	0.48148148148148145
residue_cofactor	1	15	20	5	5	20	0.25
residue_cofactor	1	16	20	10	9	21	0.42857142857142855
residue_cofactor	1	17	20	20	14	26	0.5384615384615384
residue_cofactor	1	18	20	10	10	20	0.5
residue_cofactor	1	19	20	20	11	29	0.3793103448275862
residue_cofactor	1	20	20	10	10	20	0.5
residue_cofactor	1	21	20	5	5	20	0.25
residue_cofactor	1	22	20	20	14	26	0.5384615384615384
residue_cofactor	1	23	20	10	8	22	0.36363636363636365
residue_cofactor	1	24	20	20	14	26	0.5384615384615384
residue_cofactor	1	25	20	5	5	20	0.25
residue_cofactor	2	3	10	40	9	41	0.21951219512195122
residue_cofactor	2	4	10	20	8	22	0.36363636363636365
residue_cofactor	2	5	10	77	10	77	0.12987012987012986
residue_cofactor	2	6	10	20	7	23	0.30434782608695654
residue_cofactor	2	7	10	5	5	10	0.5
residue_cofactor	2	8	10	10	7	13	0.5384615384615384
residue_cofactor	2	9	10	40	10	40	0.25
residue_cofactor	2	10	10	5	4	11	0.36363636363636365
residue_cofactor	2	11	10	40	10	40	0.25
residue_cofactor	2	12	10	5	5	10	0.5
residue_cofactor	2	13	10	77	10	77	0.12987012987012986
residue_cofactor	2	14	10	20	9	21	0.42857142857142855
residue_cofactor	2	15	10	5	5	10	0.5
residue_cofactor	2	16	10	10	3	17	0.17647058823529413
residue_cofactor	2	17	10	20	9	21	0.42857142857142855
residue_cofactor	2	18	10	10	7	13	0.5384615384615384
residue_cofactor	2	19	10	20	9	21	0.42857142857142855
residue_cofactor	2	20	10	10	7	13	0.5384615384615384
residue_cofactor	2	21	10	5	5	10	0.5
residue_cofactor	2	22	10	20	8	22	0.36363636363636365
residue_cofactor	2	23	10	10	7	13	0.5384615384615384
residue_cofactor	2	24	10	20	8	22	0.36363636363636365
residue_cofactor	2	25	10	5	4	11	0.36363636363636365
residue_cofactor	3	4	40	20	16	44	0.36363636363636365
residue_cofactor	3	5	40	77	40	77	0.5194805194805194
residue_cofactor	3	6	40	20	17	43	0.3953488372093023
residue_cofactor	3	7	40	5	5	40	0.125
residue_cofactor	3	8	40	10	9	41	0.21951219512195122
residue_cofactor	3	9	40	40	29	51	0.5686274509803921
residue_cofactor	3	10	40	5	5	40	0.125
residue_cofactor	3	11	40	40	27	53	0.5094339622641509
residue_cofactor	3	12	40	5	5	40	0.125
residue_cofactor	3	13	40	77	40	77	0.5194805194805194
residue_cofactor	3	14	40	20	18	42	0.42857142857142855
residue_cofactor	3	15	40	5	5	40	0.125
residue_cofactor	3	16	40	10	10	40	0.25
residue_cofactor	3	17	40	20	16	44	0.36363636363636365
residue_cofactor	3	18	40	10	9	41	0.21951219512195122
residue_cofactor	3	19	40	20	17	43	0.3953488372093023
residue_cofactor	3	20	40	10	9	41	0.21951219512195122
residue_cofactor	3	21	40	5	5	40	0.125
residue_cofactor	3	22	40	20	17	43	0.3953488372093023
residue_cofactor	3	23	40	10	10	40	0.25
residue_cofactor	3	24	40	20	18	42	0.42857142857142855
residue_cofactor	3	25	40	5	5	40	0.125
residue_cofactor	4	5	20	77	20	77	0.2597402597402597
residue_cofactor	4	6	20	20	15	25	0.6
residue_cofactor	4	7	20	5	5	20	0.25
residue_cofactor	4	8	20	10	10	20	0.5
residue_cofactor	4	9	20	40	18	42	0.42857142857142855
residue_cofactor	4	10	20	5	5	20	0.25
residue_cofactor	4	11	20	40	19	41	0.4634146341463415
residue_cofactor	4	12	20	5	5	20	0.25
residue_cofactor	4	13	20	77	20	77	0.2597402597402597
residue_cofactor	4	14	20	20	14	26	0.5384615384615384
residue_cofactor	4	15	20	5	5	20	0.25
residue_cofactor	4	16	20	10	7	23	0.30434782608695654
residue_cofactor	4	17	20	20	15	25	0.6
residue_cofactor	4	18	20	10	10	20	0.5
residue_cofactor	4	19	20	20	13	27	0.48148148148148145
residue_cofactor	4	20	20	10	10	20	0.5
residue_cofactor	4	21	20	5	5	20	0.25
residue_cofactor	4	22	20	20	15	25	0.6
residue_cofactor	4	23	20	10	8	22	0.36363636363636365
residue_cofactor	4	24	20	20	14	26	0.5384615384615384
residue_cofactor	4	25	20	5	5	20	0.25
residue_cofactor	5	6	77	20	20	77	0.2597402597402597
residue_cofactor	5	7	77	5	5	77	0.06493506493506493
residue_cofactor	5	8	77	10	10	77	0.12987012987012986
residue_cofactor	5	9	77	40	40	77	0.5194805194805194
residue_cofactor	5	10	77	5	5	77	0.06493506493506493
residue_cofactor	5	11	77	40	40	77	0.5194805194805194
residue_cofactor	5	12	77	5	5	77	0.06493506493506493
residue_cofactor	5	13	77	77	77	77	1.0
residue_cofactor	5	14	77	20	20	77	0.2597402597402597
residue_cofactor	5	15	77	5	5	77	0.06493506493506493
residue_cofactor	5	16	77	10	10	77	0.12987012987012986
residue_cofactor	5	17	77	20	20	77	0.2597402597402597
residue_cofactor	5	18	77	10	10	77	0.12987012987012986
residue_cofactor	5	19	77	20	20	77	0.2597402597402597
residue_cofactor	5	20	77	10	10	77	0.12987012987012986
residue_cofactor	5	21	77	5	5	77	0.06493506493506493
residue_cofactor	5	22	77	20	20	77	0.2597402597402597
residue_cofactor	5	23	77	10	10	77	0.12987012987012986
residue_cofactor	5	24	77	20	20	77	0.2597402597402597
residue_cofactor	5	25	77	5	5	77	0.06493506493506493
residue_cofactor	6	7	20	5	5	20	0.25
residue_cofactor	6	8	20	10	8	22	0.36363636363636365
residue_cofactor	6	9	20	40	17	43	0.3953488372093023
residue_cofactor	6	10	20	5	5	20	0.25
residue_cofactor	6	11	20	40	18	42	0.42857142857142855
residue_cofactor	6	12	20	5	5	20	0.25
residue_cofactor	6	13	20	77	20	77	0.2597402597402597
residue_cofactor	6	14	20	20	15	25	0.6
residue_cofactor	6	15	20	5	4	21	0.19047619047619047
residue_cofactor	6	16	20	10	8	22	0.36363636363636365
residue_cofactor	6	17	20	20	12	28	0.42857142857142855
residue_cofactor	6	18	20	10	10	20	0.5
residue_cofactor	6	19	20	20	12	28	0.42857142857142855
residue_cofactor	6	20	20	10	9	21	0.42857142857142855
residue_cofactor	6	21	20	5	4	21	0.19047619047619047
residue_cofactor	6	22	20	20	14	26	0.5384615384615384
residue_cofactor	6	23	20	10	8	22	0.36363636363636365
residue_cofactor	6	24	20	20	15	25	0.6
residue_cofactor	6	25	20	5	5	20	0.25
residue_cofactor	7	8	5	10	4	11	0.36363636363636365
residue_cofactor	7	9	5	40	5	40	0.125
residue_cofactor	7	10	5	5	2	8	0.25
residue_cofactor	7	11	5	40	5	40	0.125
residue_cofactor	7	12	5	5	3	7	0.42857142857142855
residue_cofactor	7	13	5	77	5	77	0.06493506493506493
residue_cofactor	7	14	5	20	5	20	0.25
residue_cofactor	7	15	5	5	3	7	0.42857142857142855
residue_cofactor	7	16	5	10	3	12	0.25
residue_cofactor	7	17	5	20	5	20	0.25
residue_cofactor	7	18	5	10	5	10	0.5
residue_cofactor	7	19	5	20	5	20	0.25
residue_cofactor	7	20	5	10	5	10	0.5
residue_cofactor	7	21	5	5	3	7	0.42857142857142855
residue_cofactor	7	22	5	20	5	20	0.25
residue_cofactor	7	23	5	10	5	10	0.5
residue_cofactor	7	24	5	20	5	20	0.25
residue_cofactor	7	25	5	5	3	7	0.42857142857142855
residue_cofactor	8	9	10	40	10	40	0.25
residue_cofactor	8	10	10	5	4	11	0.36363636363636365
residue_cofactor	8	11	10	40	10	40	0.25
residue_cofactor	8	12	10	5	5	10	0.5
residue_cofactor	8	13	10	77	10	77	0.12987012987012986
residue_cofactor	8	14	10	20	9	21	0.42857142857142855
residue_cofactor	8	15	10	5	5	10	0.5
residue_cofactor	8	16	10	10	5	15	0.3333333333333333
residue_cofactor	8	17	10	20	10	20	0.5
residue_cofactor	8	18	10	10	7	13	0.5384615384615384
residue_cofactor	8	19	10	20	9	21	0.42857142857142855
residue_cofactor	8	20	10	10	6	14	0.42857142857142855
residue_cofactor	8	21	10	5	5	10	0.5
residue_cofactor	8	22	10	20	8	22	0.36363636363636365
residue_cofactor	8	23	10	10	5	15	0.3333333333333333
residue_cofactor	8	24	10	20	9	21	0.42857142857142855
residue_cofactor	8	25	10	5	4	11	0.36363636363636365
residue_cofactor	9	10	40	5	5	40	0.125
residue_cofactor	9	11	40	40	28	52	0.5384615384615384
residue_cofactor	9	12	40	5	5	40	0.125
residue_cofactor	9	13	40	77	40	77	0.5194805194805194
residue_cofactor	9	14	40	20	20	40	0.5
residue_cofactor	9	15	40	5	5	40	0.125
residue_cofactor	9	16	40	10	9	41	0.21951219512195122
residue_cofactor	9	17	40	20	19	41	0.4634146341463415
residue_cofactor	9	18	40	10	10	40	0.25
residue_cofactor	9	19	40	20	17	43	0.3953488372093023
residue_cofactor	9	20	40	10	10	40	0.25
residue_cofactor	9	21	40	5	5	40	0.125
residue_cofactor	9	22	40	20	18	42	0.42857142857142855
residue_cofactor	9	23	40	10	10	40	0.25
residue_cofactor	9	24	40	20	15	45	0.3333333333333333
residue_cofactor	9	25	40	5	5	40	0.125
residue_cofactor	10	11	5	40	5	40	0.125
residue_cofactor	10	12	5	5	4	6	0.6666666666666666
residue_cofactor	10	13	5	77	5	77	0.06493506493506493
residue_cofactor	10	14	5	20	5	20	0.25
residue_cofactor	10	15	5	5	2	8	0.25
residue_cofactor	10	16	5	10	1	14	0.07142857142857142
residue_cofactor	10	17	5	20	5	20	0.25
residue_cofactor	10	18	5	10	5	10	0.5
residue_cofactor	10	19	5	20	5	20	0.25
residue_cofactor	10	20	5	10	4	11	0.36363636363636365
residue_cofactor	10	21	5	5	3	7	0.42857142857142855
residue_cofactor	10	22	5	20	5	20	0.25
residue_cofactor	10	23	5	10	4	11	0.36363636363636365
residue_cofactor	10	24	5	20	5	20	0.25
residue_cofactor	10	25	5	5	4	6	0.6666666666666666
residue_cofactor	11	12	40	5	5	40	0.125
residue_cofactor	11	13	40	77	40	77	0.5194805194805194
residue_cofactor	11	14	40	20	18	42	0.42857142857142855
residue_cofactor	11	15	40	5	5	40	0.125
residue_cofactor	11	16	40	10	10	40	0.25
residue_cofactor	11	17	40	20	19	41	0.4634146341463415
residue_cofactor	11	18	40	10	10	40	0.25
residue_cofactor	11	19	40	20	15	45	0.3333333333333333
residue_cofactor	11	20	40	10	10	40	0.25
residue_cofactor	11	21	40	5	5	40	0.125
residue_cofactor	11	22	40	20	17	43	0.3953488372093023
residue_cofactor	11	23	40	10	10	40	0.25
residue_cofactor	11	24	40	20	18	42	0.42857142857142855
residue_cofactor	11	25	40	5	5	40	0.125
residue_cofactor	12	13	5	77	5	77	0.06493506493506493
residue_cofactor	12	14	5	20	5	20	0.25
residue_cofactor	12	15	5	5	3	7	0.42857142857142855
residue_cofactor	12	16	5	10	2	13	0.15384615384615385
residue_cofactor	12	17	5	20	5	20	0.25
residue_cofactor	12	18	5	10	5	10	0.5
residue_cofactor	12	19	5	20	5	20	0.25
residue_cofactor	12	20	5	10	4	11	0.36363636363636365
residue_cofactor	12	21	5	5	4	6	0.6666666666666666
residue_cofactor	12	22	5	20	5	20	0.25
residue_cofactor	12	23	5	10	4	11	0.36363636363636365
residue_cofactor	12	24	5	20	5	20	0.25
residue_cofactor	12	25	5	5	4	6	0.6666666666666666
residue_cofactor	13	14	77	20	20	77	0.2597402597402597
residue_cofactor	13	15	77	5	5	77	0.06493506493506493
residue_cofactor	13	16	77	10	10	77	0.12987012987012986
residue_cofactor	13	17	77	20	20	77	0.2597402597402597
residue_cofactor	13	18	77	10	10	77	0.12987012987012986
residue_cofactor	13	19	77	20	20	77	0.2597402597402597
residue_cofactor	13	20	77	10	10	77	0.12987012987012986
residue_cofactor	13	21	77	5	5	77	0.06493506493506493
residue_cofactor	13	22	77	20	20	77	0.2597402597402597
residue_cofactor	13	23	77	10	10	77	0.12987012987012986
residue_cofactor	13	24	77	20	20	77	0.2597402597402597
residue_cofactor	13	25	77	5	5	77	0.06493506493506493
residue_cofactor	14	15	20	5	5	20	0.25
residue_cofactor	14	16	20	10	7	23	0.30434782608695654
residue_cofactor	14	17	20	20	15	25	0.6
residue_cofactor	14	18	20	10	9	21	0.42857142857142855
residue_cofactor	14	19	20	20	12	28	0.42857142857142855
residue_cofactor	14	20	20	10	9	21	0.42857142857142855
residue_cofactor	14	21	20	5	5	20	0.25
residue_cofactor	14	22	20	20	13	27	0.48148148148148145
residue_cofactor	14	23	20	10	10	20	0.5
residue_cofactor	14	24	20	20	14	26	0.5384615384615384
residue_cofactor	14	25	20	5	5	20	0.25
residue_cofactor	15	16	5	10	2	13	0.15384615384615385
residue_cofactor	15	17	5	20	5	20	0.25
residue_cofactor	15	18	5	10	4	11	0.36363636363636365
residue_cofactor	15	19	5	20	5	20	0.25
residue_cofactor	15	20	5	10	5	10	0.5
residue_cofactor	15	21	5	5	3	7	0.42857142857142855
residue_cofactor	15	22	5	20	5	20	0.25
residue_cofactor	15	23	5	10	4	11	0.36363636363636365
residue_cofactor	15	24	5	20	4	21	0.19047619047619047
residue_cofactor	15	25	5	5	3	7	0.42857142857142855
residue_cofactor	16	17	10	20	7	23	0.30434782608695654
residue_cofactor	16	18	10	10	4	16	0.25
residue_cofactor	16	19	10	20	4	26	0.15384615384615385
residue_cofactor	16	20	10	10	4	16	0.25
residue_cofactor	16	21	10	5	2	13	0.15384615384615385
residue_cofactor	16	22	10	20	8	22	0.36363636363636365
residue_cofactor	16	23	10	10	3	17	0.17647058823529413
residue_cofactor	16	24	10	20	8	22	0.36363636363636365
residue_cofactor	16	25	10	5	2	13	0.15384615384615385
residue_cofactor	17	18	20	10	9	21	0.42857142857142855
residue_cofactor	17	19	20	20	13	27	0.48148148148148145
residue_cofactor	17	20	20	10	8	22	0.36363636363636365
residue_cofactor	17	21	20	5	5	20	0.25
residue_cofactor	17	22	20	20	12	28	0.42857142857142855
residue_cofactor	17	23	20	10	9	21	0.42857142857142855
residue_cofactor	17	24	20	20	14	26	0.5384615384615384
residue_cofactor	17	25	20	5	5	20	0.25
residue_cofactor	18	19	10	20	8	22	0.36363636363636365
residue_cofactor	18	20	10	10	8	12	0.6666666666666666
residue_cofactor	18	21	10	5	4	11	0.36363636363636365
residue_cofactor	18	22	10	20	10	20	0.5
residue_cofactor	18	23	10	10	7	13	0.5384615384615384
residue_cofactor	18	24	10	20	9	21	0.42857142857142855
residue_cofactor	18	25	10	5	5	10	0.5
residue_cofactor	19	20	20	10	8	22	0.36363636363636365
residue_cofactor	19	21	20	5	5	20	0.25
residue_cofactor	19	22	20	20	11	29	0.3793103448275862
residue_cofactor	19	23	20	10	8	22	0.36363636363636365
residue_cofactor	19	24	20	20	13	27	0.48148148148148145
residue_cofactor	19	25	20	5	5	20	0.25
residue_cofactor	20	21	10	5	4	11	0.36363636363636365
residue_cofactor	20	22	10	20	10	20	0.5
residue_cofactor	20	23	10	10	7	13	0.5384615384615384
residue_cofactor	20	24	10	20	8	22	0.36363636363636365
residue_cofactor	20	25	10	5	5	10	0.5
residue_cofactor	21	22	5	20	5	20	0.25
residue_cofactor	21	23	5	10	3	12	0.25
residue_cofactor	21	24	5	20	4	21	0.19047619047619047
residue_cofactor	21	25	5	5	3	7	0.42857142857142855
residue_cofactor	22	23	20	10	7	23	0.30434782608695654
residue_cofactor	22	24	20	20	11	29	0.3793103448275862
residue_cofactor	22	25	20	5	5	20	0.25
residue_cofactor	23	24	10	20	9	21	0.42857142857142855
residue_cofactor	23	25	10	5	5	10	0.5
residue_cofactor	24	25	20	5	5	20	0.25
residue_residue	1	2	20	5	3	22	0.13636363636363635
residue_residue	1	3	20	10	5	25	0.2
residue_residue	1	4	20	50	8	62	0.12903225806451613
residue_residue	1	5	20	5	2	23	0.08695652173913043
residue_residue	1	6	20	20	5	35	0.14285714285714285
residue_residue	1	7	20	50	10	60	0.16666666666666666
residue_residue	1	8	20	5	4	21	0.19047619047619047
residue_residue	1	9	20	20	8	32	0.25
residue_residue	1	10	20	50	7	63	0.1111111111111111
residue_residue	1	11	20	20	5	35	0.14285714285714285
residue_residue	1	12	20	10	3	27	0.1111111111111111
residue_residue	1	13	20	10	6	24	0.25
residue_residue	1	14	20	10	5	25	0.2
residue_residue	1	15	20	10	6	24	0.25
residue_residue	1	16	20	10	5	25	0.2
residue_residue	1	17	20	20	6	34	0.17647058823529413
residue_residue	1	18	20	10	3	27	0.1111111111111111
residue_residue	1	19	20	10	5	25	0.2
residue_residue	1	20	20	10	6	24	0.25
residue_residue	1	21	20	5	2	23	0.08695652173913043
residue_residue	1	22	20	5	4	21	0.19047619047619047
residue_residue	1	23	20	50	7	63	0.1111111111111111
residue_residue	1	24	20	20	8	32	0.25
residue_residue	1	25	20	20	12	28	0.42857142857142855
residue_residue	2	3	5	10	3	12	0.25
residue_residue	2	4	5	50	3	52	0.057692307692307696
residue_residue	2	5	5	5	2	8	0.25
residue_residue	2	6	5	20	3	22	0.13636363636363635
residue_residue	2	7	5	50	3	52	0.057692307692307696
residue_residue	2	8	5	5	3	7	0.42857142857142855
residue_residue	2	9	5	20	4	21	0.19047619047619047
residue_residue	2	10	5	50	3	52	0.057692307692307696
residue_residue	2	11	5	20	3	22	0.13636363636363635
residue_residue	2	12	5	10	3	12	0.25
residue_residue	2	13	5	10	3	12	0.25
residue_residue	2	14	5	10	1	14	0.07142857142857142
residue_residue	2	15	5	10	4	11	0.36363636363636365
residue_residue	2	16	5	10	1	14	0.07142857142857142
residue_residue	2	17	5	20	5	20	0.25
residue_residue	2	18	5	10	2	13	0.15384615384615385
residue_residue	2	19	5	10	3	12	0.25
residue_residue	2	20	5	10	3	12	0.25
residue_residue	2	21	5	5	2	8	0.25
residue_residue	2	22	5	5	3	7	0.42857142857142855
residue_residue	2	23	5	50	5	50	0.1
residue_residue	2	24	5	20	3	22	0.13636363636363635
residue_residue	2	25	5	20	3	22	0.13636363636363635
residue_residue	3	4	10	50	4	56	0.07142857142857142
residue_residue	3	5	10	5	3	12	0.25
residue_residue	3	6	10	20	4	26	0.15384615384615385
residue_residue	3	7	10	50	5	55	0.09090909090909091
residue_residue	3	8	10	5	3	12	0.25
residue_residue	3	9	10	20	4	26	0.15384615384615385
residue_residue	3	10	10	50	5	55	0.09090909090909091
residue_residue	3	11	10	20	3	27	0.1111111111111111
residue_residue	3	12	10	10	4	16	0.25
residue_residue	3	13	10	10	4	16	0.25
residue_residue	3	14	10	10	2	18	0.1111111111111111
residue_residue	3	15	10	10	4	16	0.25
residue_residue	3	16	10	10	2	18	0.1111111111111111
residue_residue	3	17	10	20	5	25	0.2
residue_residue	3	18	10	10	2	18	0.1111111111111111
residue_residue	3	19	10	10	3	17	0.17647058823529413
residue_residue	3	20	10	10	5	15	0.3333333333333333
residue_residue	3	21	10	5	2	13	0.15384615384615385
residue_residue	3	22	10	5	3	12	0.25
residue_residue	3	23	10	50	6	54	0.1111111111111111
residue_residue	3	24	10	20	4	26	0.15384615384615385
residue_residue	3	25	10	20	3	27	0.1111111111111111
residue_residue	4	5	50	5	3	52	0.057692307692307696
residue_residue	4	6	50	20	9	61	0.14754098360655737
residue_residue	4	7	50	50	21	79	0.26582278481012656
residue_residue	4	8	50	5	3	52	0.057692307692307696
residue_residue	4	9	50	20	12	58	0.20689655172413793
residue_residue	4	10	50	50	19	81	0.2345679012345679
residue_residue	4	11	50	20	8	62	0.12903225806451613
residue_residue	4	12	50	10	6	54	0.1111111111111111
residue_residue	4	13	50	10	9	51	0.17647058823529413
residue_residue	4	14	50	10	6	54	0.1111111111111111
residue_residue	4	15	50	10	8	52	0.15384615384615385
residue_residue	4	16	50	10	6	54	0.1111111111111111
residue_residue	4	17	50	20	11	59	0.1864406779661017
residue_residue	4	18	50	10	4	56	0.07142857142857142
residue_residue	4	19	50	10	7	53	0.1320754716981132
residue_residue	4	20	50	10	6	54	0.1111111111111111
residue_residue	4	21	50	5	2	53	0.03773584905660377
residue_residue	4	22	50	5	5	50	0.1
residue_residue	4	23	50	50	20	80	0.25
residue_residue	4	24	50	20	13	57	0.22807017543859648
residue_residue	4	25	50	20	9	61	0.14754098360655737
residue_residue	5	6	5	20	2	23	0.08695652173913043
residue_residue	5	7	5	50	4	51	0.0784313725490196
residue_residue	5	8	5	5	2	8	0.25
residue_residue	5	9	5	20	3	22	0.13636363636363635
residue_residue	5	10	5	50	5	50	0.1
residue_residue	5	11	5	20	2	23	0.08695652173913043
residue_residue	5	12	5	10	3	12	0.25
residue_residue	5	13	5	10	3	12	0.25
residue_residue	5	14	5	10	1	14	0.07142857142857142
residue_residue	5	15	5	10	2	13	0.15384615384615385
residue_residue	5	16	5	10	3	12	0.25
residue_residue	5	17	5	20	3	22	0.13636363636363635
residue_residue	5	18	5	10	1	14	0.07142857142857142
residue_residue	5	19	5	10	2	13	0.15384615384615385
residue_residue	5	20	5	10	3	12	0.25
residue_residue	5	21	5	5	2	8	0.25
residue_residue	5	22	5	5	2	8	0.25
residue_residue	5	23	5	50	3	52	0.057692307692307696
residue_residue	5	24	5	20	4	21	0.19047619047619047
residue_residue	5	25	5	20	3	22	0.13636363636363635
residue_residue	6	7	20	50	8	62	0.12903225806451613
residue_residue	6	8	20	5	3	22	0.13636363636363635
residue_residue	6	9	20	20	5	35	0.14285714285714285
residue_residue	6	10	20	50	6	64	0.09375
residue_residue	6	11	20	20	4	36	0.1111111111111111
residue_residue	6	12	20	10	4	26	0.15384615384615385
residue_residue	6	13	20	10	4	26	0.15384615384615385
residue_residue	6	14	20	10	4	26	0.15384615384615385
residue_residue	6	15	20	10	6	24	0.25
residue_residue	6	16	20	10	4	26	0.15384615384615385
residue_residue	6	17	20	20	5	35	0.14285714285714285
residue_residue	6	18	20	10	3	27	0.1111111111111111
residue_residue	6	19	20	10	5	25	0.2
residue_residue	6	20	20	10	5	25	0.2
residue_residue	6	21	20	5	2	23	0.08695652173913043
residue_residue	6	22	20	5	3	22	0.13636363636363635
residue_residue	6	23	20	50	9	61	0.14754098360655737
residue_residue	6	24	20	20	5	35	0.14285714285714285
residue_residue	6	25	20	20	4	36	0.1111111111111111
residue_residue	7	8	50	5	4	51	0.0784313725490196
residue_residue	7	9	50	20	10	60	0.16666666666666666
residue_residue	7	10	50	50	17	83	0.20481927710843373
residue_residue	7	11	50	20	7	63	0.1111111111111111
residue_residue	7	12	50	10	5	55	0.09090909090909091
residue_residue	7	13	50	10	8	52	0.15384615384615385
residue_residue	7	14	50	10	7	53	0.1320754716981132
residue_residue	7	15	50	10	8	52	0.15384615384615385
residue_residue	7	16	50	10	8	52	0.15384615384615385
residue_residue	7	17	50	20	7	63	0.1111111111111111
residue_residue	7	18	50	10	4	56	0.07142857142857142
residue_residue	7	19	50	10	5	55	0.09090909090909091
residue_residue	7	20	50	10	6	54	0.1111111111111111
residue_residue	7	21	50	5	3	52	0.057692307692307696
residue_residue	7	22	50	5	5	50	0.1
residue_residue	7	23	50	50	21	79	0.26582278481012656
residue_residue	7	24	50	20	13	57	0.22807017543859648
residue_residue	7	25	50	20	12	58	0.20689655172413793
residue_residue	8	9	5	20	3	22	0.13636363636363635
residue_residue	8	10	5	50	3	52	0.057692307692307696
residue_residue	8	11	5	20	3	22	0.13636363636363635
residue_residue	8	12	5	10	3	12	0.25
residue_residue	8	13	5	10	3	12	0.25
residue_residue	8	14	5	10	1	14	0.07142857142857142
residue_residue	8	15	5	10	3	12	0.25
residue_residue	8	16	5	10	1	14	0.07142857142857142
residue_residue	8	17	5	20	3	22	0.13636363636363635
residue_residue	8	18	5	10	2	13	0.15384615384615385
residue_residue	8	19	5	10	3	12	0.25
residue_residue	8	20	5	10	3	12	0.25
residue_residue	8	21	5	5	2	8	0.25
residue_residue	8	22	5	5	3	7	0.42857142857142855
residue_residue	8	23	5	50	3	52	0.057692307692307696
residue_residue	8	24	5	20	3	22	0.13636363636363635
residue_residue	8	25	5	20	4	21	0.19047619047619047
residue_residue	9	10	20	50	10	60	0.16666666666666666
residue_residue	9	11	20	20	7	33	0.21212121212121213
residue_residue	9	12	20	10	4	26	0.15384615384615385
residue_residue	9	13	20	10	6	24	0.25
residue_residue	9	14	20	10	4	26	0.15384615384615385
residue_residue	9	15	20	10	6	24	0.25
residue_residue	9	16	20	10	5	25	0.2
residue_residue	9	17	20	20	10	30	0.3333333333333333
residue_residue	9	18	20	10	4	26	0.15384615384615385
residue_residue	9	19	20	10	7	23	0.30434782608695654
residue_residue	9	20	20	10	7	23	0.30434782608695654
residue_residue	9	21	20	5	3	22	0.13636363636363635
residue_residue	9	22	20	5	4	21	0.19047619047619047
residue_residue	9	23	20	50	12	58	0.20689655172413793
residue_residue	9	24	20	20	10	30	0.3333333333333333
residue_residue	9	25	20	20	9	31	0.2903225806451613
residue_residue	10	11	50	20	7	63	0.1111111111111111
residue_residue	10	12	50	10	6	54	0.1111111111111111
residue_residue	10	13	50	10	7	53	0.1320754716981132
residue_residue	10	14	50	10	8	52	0.15384615384615385
residue_residue	10	15	50	10	5	55	0.09090909090909091
residue_residue	10	16	50	10	6	54	0.1111111111111111
residue_residue	10	17	50	20	7	63	0.1111111111111111
residue_residue	10	18	50	10	4	56	0.07142857142857142
residue_residue	10	19	50	10	5	55	0.09090909090909091
residue_residue	10	20	50	10	9	51	0.17647058823529413
residue_residue	10	21	50	5	3	52	0.057692307692307696
residue_residue	10	22	50	5	5	50	0.1
residue_residue	10	23	50	50	17	83	0.20481927710843373
residue_residue	10	24	50	20	12	58	0.20689655172413793
residue_residue	10	25	50	20	10	60	0.16666666666666666
residue_residue	11	12	20	10	3	27	0.1111111111111111
residue_residue	11	13	20	10	5	25	0.2
residue_residue	11	14	20	10	3	27	0.1111111111111111
residue_residue	11	15	20	10	3	27	0.1111111111111111
residue_residue	11	16	20	10	2	28	0.07142857142857142
residue_residue	11	17	20	20	4	36	0.1111111111111111
residue_residue	11	18	20	10	3	27	0.1111111111111111
residue_residue	11	19	20	10	5	25	0.2
residue_residue	11	20	20	10	4	26	0.15384615384615385
residue_residue	11	21	20	5	2	23	0.08695652173913043
residue_residue	11	22	20	5	4	21	0.19047619047619047
residue_residue	11	23	20	50	9	61	0.14754098360655737
residue_residue	11	24	20	20	5	35	0.14285714285714285
residue_residue	11	25	20	20	6	34	0.17647058823529413
residue_residue	12	13	10	10	4	16	0.25
residue_residue	12	14	10	10	1	19	0.05263157894736842
residue_residue	12	15	10	10	4	16	0.25
residue_residue	12	16	10	10	1	19	0.05263157894736842
residue_residue	12	17	10	20	5	25	0.2
residue_residue	12	18	10	10	3	17	0.17647058823529413
residue_residue	12	19	10	10	3	17	0.17647058823529413
residue_residue	12	20	10	10	4	16	0.25
residue_residue	12	21	10	5	2	13	0.15384615384615385
residue_residue	12	22	10	5	3	12	0.25
residue_residue	12	23	10	50	6	54	0.1111111111111111
residue_residue	12	24	10	20	5	25	0.2
residue_residue	12	25	10	20	4	26	0.15384615384615385
residue_residue	13	14	10	10	3	17	0.17647058823529413
residue_residue	13	15	10	10	5	15	0.3333333333333333
residue_residue	13	16	10	10	4	16	0.25
residue_residue	13	17	10	20	6	24	0.25
residue_residue	13	18	10	10	3	17	0.17647058823529413
residue_residue	13	19	10	10	4	16	0.25
residue_residue	13	20	10	10	4	16	0.25
residue_residue	13	21	10	5	2	13	0.15384615384615385
residue_residue	13	22	10	5	4	11	0.36363636363636365
residue_residue	13	23	10	50	9	51	0.17647058823529413
residue_residue	13	24	10	20	8	22	0.36363636363636365
residue_residue	13	25	10	20	6	24	0.25
residue_residue	14	15	10	10	2	18	0.1111111111111111
residue_residue	14	16	10	10	5	15	0.3333333333333333
residue_residue	14	17	10	20	2	28	0.07142857142857142
residue_residue	14	18	10	10	2	18	0.1111111111111111
residue_residue	14	19	10	10	3	17	0.17647058823529413
residue_residue	14	20	10	10	3	17	0.17647058823529413
residue_residue	14	21	10	5	1	14	0.07142857142857142
residue_residue	14	22	10	5	2	13	0.15384615384615385
residue_residue	14	23	10	50	5	55	0.09090909090909091
residue_residue	14	24	10	20	7	23	0.30434782608695654
residue_residue	14	25	10	20	5	25	0.2
residue_residue	15	16	10	10	3	17	0.17647058823529413
residue_residue	15	17	10	20	7	23	0.30434782608695654
residue_residue	15	18	10	10	2	18	0.1111111111111111
residue_residue	15	19	10	10	4	16	0.25
residue_residue	15	20	10	10	4	16	0.25
residue_residue	15	21	10	5	2	13	0.15384615384615385
residue_residue	15	22	10	5	3	12	0.25
residue_residue	15	23	10	50	7	53	0.1320754716981132
residue_residue	15	24	10	20	5	25	0.2
residue_residue	15	25	10	20	5	25	0.2
residue_residue	16	17	10	20	4	26	0.15384615384615385
residue_residue	16	18	10	10	1	19	0.05263157894736842
residue_residue	16	19	10	10	2	18	0.1111111111111111
residue_residue	16	20	10	10	3	17	0.17647058823529413
residue_residue	16	21	10	5	3	12	0.25
residue_residue	16	22	10	5	1	14	0.07142857142857142
residue_residue	16	23	10	50	7	53	0.1320754716981132
residue_residue	16	24	10	20	8	22	0.36363636363636365
residue_residue	16	25	10	20	5	25	0.2
residue_residue	17	18	20	10	2	28	0.07142857142857142
residue_residue	17	19	20	10	4	26	0.15384615384615385
residue_residue	17	20	20	10	4	26	0.15384615384615385
residue_residue	17	21	20	5	2	23	0.08695652173913043
residue_residue	17	22	20	5	3	22	0.13636363636363635
residue_residue	17	23	20	50	13	57	0.22807017543859648
residue_residue	17	24	20	20	8	32	0.25
residue_residue	17	25	20	20	4	36	0.1111111111111111
residue_residue	18	19	10	10	4	16	0.25
residue_residue	18	20	10	10	2	18	0.1111111111111111
residue_residue	18	21	10	5	3	12	0.25
residue_residue	18	22	10	5	3	12	0.25
residue_residue	18	23	10	50	6	54	0.1111111111111111
residue_residue	18	24	10	20	3	27	0.1111111111111111
residue_residue	18	25	10	20	3	27	0.1111111111111111
residue_residue	19	20	10	10	4	16	0.25
residue_residue	19	21	10	5	2	13	0.15384615384615385
residue_residue	19	22	10	5	4	11	0.36363636363636365
residue_residue	19	23	10	50	6	54	0.1111111111111111
residue_residue	19	24	10	20	6	24	0.25
residue_residue	19	25	10	20	5	25	0.2
residue_residue	20	21	10	5	2	13	0.15384615384615385
residue_residue	20	22	10	5	3	12	0.25
residue_residue	20	23	10	50	6	54	0.1111111111111111
residue_residue	20	24	10	20	6	24	0.25
residue_residue	20	25	10	20	5	25	0.2
residue_residue	21	22	5	5	2	8	0.25
residue_residue	21	23	5	50	3	52	0.057692307692307696
residue_residue	21	24	5	20	4	21	0.19047619047619047
residue_residue	21	25	5	20	3	22	0.13636363636363635
residue_residue	22	23	5	50	4	51	0.0784313725490196
residue_residue	22	24	5	20	4	21	0.19047619047619047
residue_residue	22	25	5	20	4	21	0.19047619047619047
residue_residue	23	24	50	20	13	57	0.22807017543859648
residue_residue	23	25	50	20	8	62	0.12903225806451613
residue_residue	24	25	20	20	10	30	0.3333333333333333
combined_all	1	2	20	10	4	26	0.15384615384615385
combined_all	1	3	20	5	3	22	0.13636363636363635
combined_all	1	4	20	50	7	63	0.1111111111111111
combined_all	1	5	20	5	2	23	0.08695652173913043
combined_all	1	6	20	5	3	22	0.13636363636363635
combined_all	1	7	20	10	5	25	0.2
combined_all	1	8	20	5	4	21	0.19047619047619047
combined_all	1	9	20	10	6	24	0.25
combined_all	1	10	20	5	3	22	0.13636363636363635
combined_all	1	11	20	20	5	35	0.14285714285714285
combined_all	1	12	20	20	4	36	0.1111111111111111
combined_all	1	13	20	10	6	24	0.25
combined_all	1	14	20	10	5	25	0.2
combined_all	1	15	20	10	5	25	0.2
combined_all	1	16	20	10	5	25	0.2
combined_all	1	17	20	20	6	34	0.17647058823529413
combined_all	1	18	20	10	3	27	0.1111111111111111
combined_all	1	19	20	10	5	25	0.2
combined_all	1	20	20	5	3	22	0.13636363636363635
combined_all	1	21	20	20	5	35	0.14285714285714285
combined_all	1	22	20	5	4	21	0.19047619047619047
combined_all	1	23	20	50	7	63	0.1111111111111111
combined_all	1	24	20	20	8	32	0.25
combined_all	1	25	20	20	12	28	0.42857142857142855
combined_all	2	3	10	5	3	12	0.25
combined_all	2	4	10	50	4	56	0.07142857142857142
combined_all	2	5	10	5	2	13	0.15384615384615385
combined_all	2	6	10	5	3	12	0.25
combined_all	2	7	10	10	2	18	0.1111111111111111
combined_all	2	8	10	5	3	12	0.25
combined_all	2	9	10	10	5	15	0.3333333333333333
combined_all	2	10	10	5	2	13	0.15384615384615385
combined_all	2	11	10	20	6	24	0.25
combined_all	2	12	10	20	3	27	0.1111111111111111
combined_all	2	13	10	10	4	16	0.25
combined_all	2	14	10	10	2	18	0.1111111111111111
combined_all	2	15	10	10	4	16	0.25
combined_all	2	16	10	10	2	18	0.1111111111111111
combined_all	2	17	10	20	6	24	0.25
combined_all	2	18	10	10	2	18	0.1111111111111111
combined_all	2	19	10	10	4	16	0.25
combined_all	2	20	10	5	3	12	0.25
combined_all	2	21	10	20	4	26	0.15384615384615385
combined_all	2	22	10	5	3	12	0.25
combined_all	2	23	10	50	8	52	0.15384615384615385
combined_all	2	24	10	20	4	26	0.15384615384615385
combined_all	2	25	10	20	4	26	0.15384615384615385
combined_all	3	4	5	50	3	52	0.057692307692307696
combined_all	3	5	5	5	3	7	0.42857142857142855
combined_all	3	6	5	5	3	7	0.42857142857142855
combined_all	3	7	5	10	3	12	0.25
combined_all	3	8	5	5	3	7	0.42857142857142855
combined_all	3	9	5	10	3	12	0.25
combined_all	3	10	5	5	1	9	0.1111111111111111
combined_all	3	11	5	20	3	22	0.13636363636363635
combined_all	3	12	5	20	4	21	0.19047619047619047
combined_all	3	13	5	10	3	12	0.25
combined_all	3	14	5	10	1	14	0.07142857142857142
combined_all	3	15	5	10	3	12	0.25
combined_all	3	16	5	10	1	14	0.07142857142857142
combined_all	3	17	5	20	3	22	0.13636363636363635
combined_all	3	18	5	10	2	13	0.15384615384615385
combined_all	3	19	5	10	3	12	0.25
combined_all	3	20	5	5	4	6	0.6666666666666666
combined_all	3	21	5	20	3	22	0.13636363636363635
combined_all	3	22	5	5	3	7	0.42857142857142855
combined_all	3	23	5	50	4	51	0.0784313725490196
combined_all	3	24	5	20	3	22	0.13636363636363635
combined_all	3	25	5	20	3	22	0.13636363636363635
combined_all	4	5	50	5	3	52	0.057692307692307696
combined_all	4	6	50	5	4	51	0.0784313725490196
combined_all	4	7	50	10	5	55	0.09090909090909091
combined_all	4	8	50	5	3	52	0.057692307692307696
combined_all	4	9	50	10	6	54	0.1111111111111111
combined_all	4	10	50	5	3	52	0.057692307692307696
combined_all	4	11	50	20	7	63	0.1111111111111111
combined_all	4	12	50	20	12	58	0.20689655172413793
combined_all	4	13	50	10	7	53	0.1320754716981132
combined_all	4	14	50	10	6	54	0.1111111111111111
combined_all	4	15	50	10	7	53	0.1320754716981132
combined_all	4	16	50	10	5	55	0.09090909090909091
combined_all	4	17	50	20	12	58	0.20689655172413793
combined_all	4	18	50	10	4	56	0.07142857142857142
combined_all	4	19	50	10	8	52	0.15384615384615385
combined_all	4	20	50	5	3	52	0.057692307692307696
combined_all	4	21	50	20	14	56	0.25
combined_all	4	22	50	5	5	50	0.1
combined_all	4	23	50	50	22	78	0.28205128205128205
combined_all	4	24	50	20	12	58	0.20689655172413793
combined_all	4	25	50	20	7	63	0.1111111111111111
combined_all	5	6	5	5	2	8	0.25
combined_all	5	7	5	10	2	13	0.15384615384615385
combined_all	5	8	5	5	2	8	0.25
combined_all	5	9	5	10	2	13	0.15384615384615385
combined_all	5	10	5	5	2	8	0.25
combined_all	5	11	5	20	2	23	0.08695652173913043
combined_all	5	12	5	20	4	21	0.19047619047619047
combined_all	5	13	5	10	3	12	0.25
combined_all	5	14	5	10	1	14	0.07142857142857142
combined_all	5	15	5	10	2	13	0.15384615384615385
combined_all	5	16	5	10	3	12	0.25
combined_all	5	17	5	20	3	22	0.13636363636363635
combined_all	5	18	5	10	1	14	0.07142857142857142
combined_all	5	19	5	10	2	13	0.15384615384615385
combined_all	5	20	5	5	3	7	0.42857142857142855
combined_all	5	21	5	20	4	21	0.19047619047619047
combined_all	5	22	5	5	2	8	0.25
combined_all	5	23	5	50	3	52	0.057692307692307696
combined_all	5	24	5	20	4	21	0.19047619047619047
combined_all	5	25	5	20	3	22	0.13636363636363635
combined_all	6	7	5	10	2	13	0.15384615384615385
combined_all	6	8	5	5	3	7	0.42857142857142855
combined_all	6	9	5	10	3	12	0.25
combined_all	6	10	5	5	1	9	0.1111111111111111
combined_all	6	11	5	20	3	22	0.13636363636363635
combined_all	6	12	5	20	3	22	0.13636363636363635
combined_all	6	13	5	10	3	12	0.25
combined_all	6	14	5	10	1	14	0.07142857142857142
combined_all	6	15	5	10	3	12	0.25
combined_all	6	16	5	10	1	14	0.07142857142857142
combined_all	6	17	5	20	3	22	0.13636363636363635
combined_all	6	18	5	10	2	13	0.15384615384615385
combined_all	6	19	5	10	3	12	0.25
combined_all	6	20	5	5	3	7	0.42857142857142855
combined_all	6	21	5	20	3	22	0.13636363636363635
combined_all	6	22	5	5	3	7	0.42857142857142855
combined_all	6	23	5	50	4	51	0.0784313725490196
combined_all	6	24	5	20	3	22	0.13636363636363635
combined_all	6	25	5	20	3	22	0.13636363636363635
combined_all	7	8	10	5	2	13	0.15384615384615385
combined_all	7	9	10	10	3	17	0.17647058823529413
combined_all	7	10	10	5	3	12	0.25
combined_all	7	11	10	20	3	27	0.1111111111111111
combined_all	7	12	10	20	3	27	0.1111111111111111
combined_all	7	13	10	10	5	15	0.3333333333333333
combined_all	7	14	10	10	3	17	0.17647058823529413
combined_all	7	15	10	10	3	17	0.17647058823529413
combined_all	7	16	10	10	4	16	0.25
combined_all	7	17	10	20	6	24	0.25
combined_all	7	18	10	10	3	17	0.17647058823529413
combined_all	7	19	10	10	3	17	0.17647058823529413
combined_all	7	20	10	5	2	13	0.15384615384615385
combined_all	7	21	10	20	4	26	0.15384615384615385
combined_all	7	22	10	5	3	12	0.25
combined_all	7	23	10	50	8	52	0.15384615384615385
combined_all	7	24	10	20	6	24	0.25
combined_all	7	25	10	20	6	24	0.25
combined_all	8	9	5	10	3	12	0.25
combined_all	8	10	5	5	1	9	0.1111111111111111
combined_all	8	11	5	20	3	22	0.13636363636363635
combined_all	8	12	5	20	3	22	0.13636363636363635
combined_all	8	13	5	10	3	12	0.25
combined_all	8	14	5	10	1	14	0.07142857142857142
combined_all	8	15	5	10	3	12	0.25
combined_all	8	16	5	10	1	14	0.07142857142857142
combined_all	8	17	5	20	3	22	0.13636363636363635
combined_all	8	18	5	10	2	13	0.15384615384615385
combined_all	8	19	5	10	3	12	0.25
combined_all	8	20	5	5	3	7	0.42857142857142855
combined_all	8	21	5	20	3	22	0.13636363636363635
combined_all	8	22	5	5	3	7	0.42857142857142855
combined_all	8	23	5	50	3	52	0.057692307692307696
combined_all	8	24	5	20	3	22	0.13636363636363635
combined_all	8	25	5	20	4	21	0.19047619047619047
combined_all	9	10	10	5	3	12	0.25
combined_all	9	11	10	20	6	24	0.25
combined_all	9	12	10	20	4	26	0.15384615384615385
combined_all	9	13	10	10	4	16	0.25
combined_all	9	14	10	10	3	17	0.17647058823529413
combined_all	9	15	10	10	4	16	0.25
combined_all	9	16	10	10	3	17	0.17647058823529413
combined_all	9	17	10	20	5	25	0.2
combined_all	9	18	10	10	4	16	0.25
combined_all	9	19	10	10	6	14	0.42857142857142855
combined_all	9	20	10	5	3	12	0.25
combined_all	9	21	10	20	6	24	0.25
combined_all	9	22	10	5	4	11	0.36363636363636365
combined_all	9	23	10	50	9	51	0.17647058823529413
combined_all	9	24	10	20	6	24	0.25
combined_all	9	25	10	20	6	24	0.25
combined_all	10	11	5	20	3	22	0.13636363636363635
combined_all	10	12	5	20	1	24	0.041666666666666664
combined_all	10	13	5	10	2	13	0.15384615384615385
combined_all	10	14	5	10	4	11	0.36363636363636365
combined_all	10	15	5	10	1	14	0.07142857142857142
combined_all	10	16	5	10	3	12	0.25
combined_all	10	17	5	20	1	24	0.041666666666666664
combined_all	10	18	5	10	2	13	0.15384615384615385
combined_all	10	19	5	10	3	12	0.25
combined_all	10	20	5	5	1	9	0.1111111111111111
combined_all	10	21	5	20	4	21	0.19047619047619047
combined_all	10	22	5	5	2	8	0.25
combined_all	10	23	5	50	3	52	0.057692307692307696
combined_all	10	24	5	20	4	21	0.19047619047619047
combined_all	10	25	5	20	4	21	0.19047619047619047
combined_all	11	12	20	20	3	37	0.08108108108108109
combined_all	11	13	20	10	5	25	0.2
combined_all	11	14	20	10	3	27	0.1111111111111111
combined_all	11	15	20	10	3	27	0.1111111111111111
combined_all	11	16	20	10	2	28	0.07142857142857142
combined_all	11	17	20	20	4	36	0.1111111111111111
combined_all	11	18	20	10	3	27	0.1111111111111111
combined_all	11	19	20	10	5	25	0.2
combined_all	11	20	20	5	3	22	0.13636363636363635
combined_all	11	21	20	20	6	34	0.17647058823529413
combined_all	11	22	20	5	4	21	0.19047619047619047
combined_all	11	23	20	50	8	62	0.12903225806451613
combined_all	11	24	20	20	5	35	0.14285714285714285
combined_all	11	25	20	20	6	34	0.17647058823529413
combined_all	12	13	20	10	5	25	0.2
combined_all	12	14	20	10	1	29	0.034482758620689655
combined_all	12	15	20	10	4	26	0.15384615384615385
combined_all	12	16	20	10	2	28	0.07142857142857142
combined_all	12	17	20	20	10	30	0.3333333333333333
combined_all	12	18	20	10	3	27	0.1111111111111111
combined_all	12	19	20	10	4	26	0.15384615384615385
combined_all	12	20	20	5	4	21	0.19047619047619047
combined_all	12	21	20	20	7	33	0.21212121212121213
combined_all	12	22	20	5	3	22	0.13636363636363635
combined_all	12	23	20	50	11	59	0.1864406779661017
combined_all	12	24	20	20	7	33	0.21212121212121213
combined_all	12	25	20	20	5	35	0.14285714285714285
combined_all	13	14	10	10	3	17	0.17647058823529413
combined_all	13	15	10	10	4	16	0.25
combined_all	13	16	10	10	4	16	0.25
combined_all	13	17	10	20	6	24	0.25
combined_all	13	18	10	10	3	17	0.17647058823529413
combined_all	13	19	10	10	4	16	0.25
combined_all	13	20	10	5	3	12	0.25
combined_all	13	21	10	20	5	25	0.2
combined_all	13	22	10	5	4	11	0.36363636363636365
combined_all	13	23	10	50	9	51	0.17647058823529413
combined_all	13	24	10	20	8	22	0.36363636363636365
combined_all	13	25	10	20	6	24	0.25
combined_all	14	15	10	10	1	19	0.05263157894736842
combined_all	14	16	10	10	5	15	0.3333333333333333
combined_all	14	17	10	20	2	28	0.07142857142857142
combined_all	14	18	10	10	2	18	0.1111111111111111
combined_all	14	19	10	10	3	17	0.17647058823529413
combined_all	14	20	10	5	1	14	0.07142857142857142
combined_all	14	21	10	20	4	26	0.15384615384615385
combined_all	14	22	10	5	2	13	0.15384615384615385
combined_all	14	23	10	50	5	55	0.09090909090909091
combined_all	14	24	10	20	7	23	0.30434782608695654
combined_all	14	25	10	20	5	25	0.2
combined_all	15	16	10	10	2	18	0.1111111111111111
combined_all	15	17	10	20	6	24	0.25
combined_all	15	18	10	10	2	18	0.1111111111111111
combined_all	15	19	10	10	5	15	0.3333333333333333
combined_all	15	20	10	5	3	12	0.25
combined_all	15	21	10	20	4	26	0.15384615384615385
combined_all	15	22	10	5	3	12	0.25
combined_all	15	23	10	50	7	53	0.1320754716981132
combined_all	15	24	10	20	4	26	0.15384615384615385
combined_all	15	25	10	20	5	25	0.2
combined_all	16	17	10	20	4	26	0.15384615384615385
combined_all	16	18	10	10	1	19	0.05263157894736842
combined_all	16	19	10	10	2	18	0.1111111111111111
combined_all	16	20	10	5	1	14	0.07142857142857142
combined_all	16	21	10	20	5	25	0.2
combined_all	16	22	10	5	1	14	0.07142857142857142
combined_all	16	23	10	50	7	53	0.1320754716981132
combined_all	16	24	10	20	8	22	0.36363636363636365
combined_all	16	25	10	20	5	25	0.2
combined_all	17	18	20	10	2	28	0.07142857142857142
combined_all	17	19	20	10	4	26	0.15384615384615385
combined_all	17	20	20	5	3	22	0.13636363636363635
combined_all	17	21	20	20	6	34	0.17647058823529413
combined_all	17	22	20	5	3	22	0.13636363636363635
combined_all	17	23	20	50	15	55	0.2727272727272727
combined_all	17	24	20	20	8	32	0.25
combined_all	17	25	20	20	4	36	0.1111111111111111
combined_all	18	19	10	10	4	16	0.25
combined_all	18	20	10	5	2	13	0.15384615384615385
combined_all	18	21	10	20	4	26	0.15384615384615385
combined_all	18	22	10	5	3	12	0.25
combined_all	18	23	10	50	6	54	0.1111111111111111
combined_all	18	24	10	20	3	27	0.1111111111111111
combined_all	18	25	10	20	3	27	0.1111111111111111
combined_all	19	20	10	5	3	12	0.25
combined_all	19	21	10	20	6	24	0.25
combined_all	19	22	10	5	4	11	0.36363636363636365
combined_all	19	23	10	50	7	53	0.1320754716981132
combined_all	19	24	10	20	6	24	0.25
combined_all	19	25	10	20	5	25	0.2
combined_all	20	21	5	20	3	22	0.13636363636363635
combined_all	20	22	5	5	3	7	0.42857142857142855
combined_all	20	23	5	50	3	52	0.057692307692307696
combined_all	20	24	5	20	3	22	0.13636363636363635
combined_all	20	25	5	20	3	22	0.13636363636363635
combined_all	21	22	20	5	4	21	0.19047619047619047
combined_all	21	23	20	50	8	62	0.12903225806451613
combined_all	21	24	20	20	10	30	0.3333333333333333
combined_all	21	25	20	20	6	34	0.17647058823529413
combined_all	22	23	5	50	4	51	0.0784313725490196
combined_all	22	24	5	20	4	21	0.19047619047619047
combined_all	22	25	5	20	4	21	0.19047619047619047
combined_all	23	24	50	20	13	57	0.22807017543859648
combined_all	23	25	50	20	8	62	0.12903225806451613
combined_all	24	25	20	20	10	30	0.3333333333333333
