model_type	feature_set	outer_repeat	outer_fold	outer_split	n_train	n_test	n_train_low	n_train_high	n_test_low	n_test_high	n_input_features	n_after_variance	n_selected_features	best_k	best_c	best_inner_balanced_accuracy	fit_seconds	accuracy	balanced_accuracy	roc_auc_low	precision_low	recall_low	f1_low	mcc	true_low_pred_low	true_low_pred_high	true_high_pred_low	true_high_pred_high
logistic_regression	residue_ligand	1	1	1	66	17	20	46	6	11	21	21	21	all	0.01	0.5961111111111111	4.402391367002565	0.6470588235294118	0.7272727272727273	0.9090909090909091	0.5	1.0	0.6666666666666666	0.4767312946227961	6	0	6	5
logistic_regression	residue_ligand	1	2	2	66	17	21	45	5	12	21	21	21	all	0.01	0.61	1.2419897639992996	0.7647058823529411	0.7166666666666667	0.6833333333333333	0.6	0.6	0.6	0.43333333333333335	3	2	2	10
logistic_regression	residue_ligand	1	3	3	66	17	21	45	5	12	21	21	4	4	0.01	0.6622222222222222	1.2466573950005113	0.5294117647058824	0.55	0.6166666666666667	0.3333333333333333	0.6	0.42857142857142855	0.09128709291752769	3	2	6	6
logistic_regression	residue_ligand	1	4	4	67	16	21	46	5	11	21	21	21	all	0.1	0.7466666666666667	1.2543184780006413	0.375	0.38181818181818183	0.509090909090909	0.2222222222222222	0.4	0.2857142857142857	-0.22084711628963774	2	3	7	4
logistic_regression	residue_ligand	1	5	5	67	16	21	46	5	11	21	21	12	12	0.1	0.6366666666666667	1.2687906149949413	0.75	0.7090909090909091	0.7090909090909092	0.6	0.6	0.6	0.41818181818181815	3	2	2	9
logistic_regression	residue_ligand	2	1	6	66	17	20	46	6	11	21	21	21	all	100.0	0.6322222222222222	1.2604400339987478	0.47058823529411764	0.4015151515151515	0.4696969696969697	0.2	0.16666666666666666	0.18181818181818182	-0.20658356100321165	1	5	4	7
logistic_regression	residue_ligand	2	2	7	66	17	21	45	5	12	21	21	4	4	0.01	0.6677777777777777	1.229219328997715	0.5882352941176471	0.5916666666666667	0.5333333333333333	0.375	0.6	0.46153846153846156	0.16735967034880075	3	2	5	7
logistic_regression	residue_ligand	2	3	8	66	17	21	45	5	12	21	21	12	12	0.01	0.6572222222222222	1.238398009998491	0.5882352941176471	0.7083333333333334	0.8	0.4166666666666667	1.0	0.5882352941176471	0.4166666666666667	5	0	7	5
logistic_regression	residue_ligand	2	4	9	67	16	21	46	5	11	21	21	4	4	1.0	0.6755555555555556	1.2274005350045627	0.75	0.6545454545454545	0.4363636363636364	0.6666666666666666	0.4	0.5	0.3670584895244009	2	3	1	10
logistic_regression	residue_ligand	2	5	10	67	16	21	46	5	11	21	21	12	12	0.01	0.6744444444444444	1.256176806993608	0.5625	0.6272727272727273	0.6363636363636364	0.4	0.8	0.5333333333333333	0.24370871833797697	4	1	6	5
logistic_regression	residue_ligand	3	1	11	66	17	20	46	6	11	21	21	21	all	0.1	0.6905555555555555	1.2709143480024068	0.5294117647058824	0.5227272727272727	0.5606060606060606	0.375	0.5	0.42857142857142855	0.04351941398892446	3	3	5	6
logistic_regression	residue_ligand	3	2	12	66	17	21	45	5	12	21	21	21	all	0.1	0.6911111111111111	1.2944843669974944	0.5294117647058824	0.4916666666666667	0.5	0.2857142857142857	0.4	0.3333333333333333	-0.015430334996209192	2	3	5	7
logistic_regression	residue_ligand	3	3	13	66	17	21	45	5	12	21	21	21	all	0.01	0.7050000000000001	1.2442040200039628	0.47058823529411764	0.5666666666666667	0.7166666666666667	0.3333333333333333	0.8	0.47058823529411764	0.13333333333333333	4	1	8	4
logistic_regression	residue_ligand	3	4	14	67	16	21	46	5	11	21	21	12	12	0.1	0.6205555555555555	1.3913264669972705	0.8125	0.8090909090909091	0.8363636363636363	0.6666666666666666	0.8	0.7272727272727273	0.5918640302493726	4	1	2	9
logistic_regression	residue_ligand	3	5	15	67	16	21	46	5	11	21	21	4	4	0.01	0.5927777777777777	1.2551651169997058	0.5625	0.5181818181818182	0.6	0.3333333333333333	0.4	0.36363636363636365	0.034815531191139566	2	3	4	7
logistic_regression	residue_ligand	4	1	16	66	17	20	46	6	11	21	21	12	12	0.1	0.6411111111111111	1.3091264059985406	0.7647058823529411	0.7424242424242424	0.696969696969697	0.6666666666666666	0.6666666666666666	0.6666666666666666	0.48484848484848486	4	2	2	9
logistic_regression	residue_ligand	4	2	17	66	17	21	45	5	12	21	21	4	4	0.1	0.7488888888888889	1.236323862001882	0.5294117647058824	0.43333333333333335	0.26666666666666666	0.2	0.2	0.2	-0.13333333333333333	1	4	4	8
logistic_regression	residue_ligand	4	3	18	66	17	21	45	5	12	21	21	21	all	0.1	0.6361111111111111	1.2583695409994107	0.5294117647058824	0.55	0.6666666666666666	0.3333333333333333	0.6	0.42857142857142855	0.09128709291752769	3	2	6	6
logistic_regression	residue_ligand	4	4	19	67	16	21	46	5	11	21	21	8	8	0.01	0.6583333333333334	1.7325185049994616	0.625	0.6181818181818182	0.7090909090909091	0.42857142857142855	0.6	0.5	0.22084711628963774	3	2	4	7
logistic_regression	residue_ligand	4	5	20	67	16	21	46	5	11	21	21	4	4	0.01	0.6933333333333334	1.2380582639962086	0.4375	0.5363636363636364	0.5272727272727273	0.3333333333333333	0.8	0.47058823529411764	0.0778498944161523	4	1	8	3
logistic_regression	residue_ligand	5	1	21	66	17	20	46	6	11	21	21	8	8	1.0	0.7366666666666667	1.2540098120007315	0.47058823529411764	0.4772727272727273	0.36363636363636365	0.3333333333333333	0.5	0.4	-0.04351941398892446	3	3	6	5
logistic_regression	residue_ligand	5	2	22	66	17	21	45	5	12	21	21	8	8	0.01	0.6044444444444445	1.2421043979993556	0.5882352941176471	0.65	0.8	0.4	0.8	0.5333333333333333	0.27774602993176545	4	1	6	6
logistic_regression	residue_ligand	5	3	23	66	17	21	45	5	12	21	21	4	4	1.0	0.7016666666666665	2.0105310170038138	0.5294117647058824	0.43333333333333335	0.3833333333333333	0.2	0.2	0.2	-0.13333333333333333	1	4	4	8
logistic_regression	residue_ligand	5	4	24	67	16	21	46	5	11	21	21	8	8	1.0	0.6216666666666667	1.2379396320029628	0.5	0.4727272727272727	0.5636363636363637	0.2857142857142857	0.4	0.3333333333333333	-0.050964719143762556	2	3	5	6
logistic_regression	residue_ligand	5	5	25	67	16	21	46	5	11	21	21	12	12	0.01	0.6305555555555554	1.2470329830030096	0.5625	0.6818181818181819	0.8545454545454545	0.4166666666666667	1.0	0.5882352941176471	0.3892494720807615	5	0	7	4
logistic_regression	residue_cofactor	1	1	1	66	17	20	46	6	11	83	77	20	20	1.0	0.5494444444444444	1.7139841319949483	0.6470588235294118	0.5757575757575758	0.7727272727272727	0.5	0.3333333333333333	0.4	0.1706971854997297	2	4	2	9
logistic_regression	residue_cofactor	1	2	2	66	17	21	45	5	12	83	77	10	10	10.0	0.5583333333333333	1.6506923160050064	0.4117647058823529	0.4666666666666667	0.6	0.2727272727272727	0.6	0.375	-0.06356417261637282	3	2	8	4
logistic_regression	residue_cofactor	1	3	3	66	17	21	45	5	12	83	77	40	40	0.01	0.6822222222222221	1.7153339169963147	0.47058823529411764	0.45	0.44999999999999996	0.25	0.4	0.3076923076923077	-0.09128709291752769	2	3	6	6
logistic_regression	residue_cofactor	1	4	4	67	16	21	46	5	11	83	77	20	20	0.1	0.7194444444444443	1.6616499009978725	0.6875	0.6636363636363636	0.5272727272727273	0.5	0.6	0.5454545454545454	0.3133397807202561	3	2	3	8
logistic_regression	residue_cofactor	1	5	5	67	16	21	46	5	11	83	77	77	all	100.0	0.5494444444444445	1.67747228799999	0.5625	0.5181818181818182	0.5636363636363636	0.3333333333333333	0.4	0.36363636363636365	0.034815531191139566	2	3	4	7
logistic_regression	residue_cofactor	2	1	6	66	17	20	46	6	11	83	77	20	20	0.01	0.7083333333333333	1.6734630360006122	0.7058823529411765	0.696969696969697	0.6212121212121211	0.5714285714285714	0.6666666666666666	0.6153846153846154	0.3825184261187248	4	2	3	8
logistic_regression	residue_cofactor	2	2	7	66	17	21	45	5	12	83	77	5	5	0.01	0.6722222222222222	1.679534645001695	0.5882352941176471	0.65	0.65	0.4	0.8	0.5333333333333333	0.27774602993176545	4	1	6	6
logistic_regression	residue_cofactor	2	3	8	66	17	21	45	5	12	83	77	10	10	10.0	0.6122222222222222	1.7255379400012316	0.7058823529411765	0.7333333333333334	0.7333333333333334	0.5	0.8	0.6153846153846154	0.42600643361512924	4	1	4	8
logistic_regression	residue_cofactor	2	4	9	67	16	21	46	5	11	83	77	40	40	0.01	0.6905555555555556	1.7241849019992515	0.4375	0.42727272727272725	0.5454545454545454	0.25	0.4	0.3076923076923077	-0.13483997249264842	2	3	6	5
logistic_regression	residue_cofactor	2	5	10	67	16	21	46	5	11	83	77	5	5	0.1	0.5427777777777777	1.7124870190018555	0.6875	0.7181818181818183	0.7636363636363637	0.5	0.8	0.6153846153846154	0.40451991747794525	4	1	4	7
logistic_regression	residue_cofactor	3	1	11	66	17	20	46	6	11	83	77	40	40	0.01	0.6522222222222223	1.685616372997174	0.6470588235294118	0.6515151515151515	0.5303030303030303	0.5	0.6666666666666666	0.5714285714285714	0.29012942659282975	4	2	4	7
logistic_regression	residue_cofactor	3	2	12	66	17	21	45	5	12	83	77	5	5	0.01	0.7744444444444445	1.7257462229972589	0.47058823529411764	0.5083333333333333	0.5833333333333334	0.3	0.6	0.4	0.015430334996209192	3	2	7	5
logistic_regression	residue_cofactor	3	3	13	66	17	21	45	5	12	83	77	77	all	0.01	0.6738888888888888	1.6540591570010292	0.6470588235294118	0.6333333333333333	0.6333333333333333	0.42857142857142855	0.6	0.5	0.24688535993934707	3	2	4	8
logistic_regression	residue_cofactor	3	4	14	67	16	21	46	5	11	83	77	20	20	0.1	0.6127777777777778	1.6967313459972502	0.8125	0.8636363636363636	0.8363636363636364	0.625	1.0	0.7692307692307693	0.674199862463242	5	0	3	8
logistic_regression	residue_cofactor	3	5	15	67	16	21	46	5	11	83	77	5	5	0.01	0.6655555555555555	1.731858043000102	0.625	0.6727272727272727	0.6181818181818182	0.4444444444444444	0.8	0.5714285714285714	0.32277655457716287	4	1	5	6
logistic_regression	residue_cofactor	4	1	16	66	17	20	46	6	11	83	77	10	10	0.01	0.5961111111111111	1.6694894539978122	0.5294117647058824	0.44696969696969696	0.5909090909090909	0.25	0.16666666666666666	0.2	-0.1194880298498108	1	5	3	8
logistic_regression	residue_cofactor	4	2	17	66	17	21	45	5	12	83	77	20	20	10.0	0.6316666666666666	1.7168469999960507	0.5294117647058824	0.4916666666666667	0.5333333333333334	0.2857142857142857	0.4	0.3333333333333333	-0.015430334996209192	2	3	5	7
logistic_regression	residue_cofactor	4	3	18	66	17	21	45	5	12	83	77	10	10	0.01	0.7494444444444446	1.6601268079975853	0.5294117647058824	0.6083333333333334	0.7166666666666668	0.36363636363636365	0.8	0.5	0.20658356100321165	4	1	7	5
logistic_regression	residue_cofactor	4	4	19	67	16	21	46	5	11	83	77	20	20	1.0	0.6683333333333332	1.6748728240054334	0.4375	0.42727272727272725	0.49090909090909096	0.25	0.4	0.3076923076923077	-0.13483997249264842	2	3	6	5
logistic_regression	residue_cofactor	4	5	20	67	16	21	46	5	11	83	77	10	10	1.0	0.7388888888888887	1.7538956980060902	0.5	0.4181818181818182	0.38181818181818183	0.2	0.2	0.2	-0.16363636363636364	1	4	4	7
logistic_regression	residue_cofactor	5	1	21	66	17	20	46	6	11	83	77	5	5	0.1	0.6105555555555556	1.6727883869971265	0.6470588235294118	0.6515151515151515	0.606060606060606	0.5	0.6666666666666666	0.5714285714285714	0.29012942659282975	4	2	4	7
logistic_regression	residue_cofactor	5	2	22	66	17	21	45	5	12	83	77	20	20	10.0	0.6377777777777778	1.706996289001836	0.5882352941176471	0.475	0.5	0.25	0.2	0.2222222222222222	-0.053708615552957466	1	4	3	9
logistic_regression	residue_cofactor	5	3	23	66	17	21	45	5	12	83	77	10	10	0.01	0.6338888888888888	1.6558042039978318	0.7058823529411765	0.675	0.6833333333333333	0.5	0.6	0.5454545454545454	0.3337119062359573	3	2	3	9
logistic_regression	residue_cofactor	5	4	24	67	16	21	46	5	11	83	77	20	20	0.01	0.6288888888888889	1.711309127000277	0.6875	0.7181818181818183	0.7454545454545454	0.5	0.8	0.6153846153846154	0.40451991747794525	4	1	4	7
logistic_regression	residue_cofactor	5	5	25	67	16	21	46	5	11	83	77	5	5	0.01	0.5455555555555556	1.6543390240040026	0.75	0.7090909090909091	0.7636363636363637	0.6	0.6	0.6	0.41818181818181815	3	2	2	9
logistic_regression	residue_residue	1	1	1	66	17	20	46	6	11	3982	3971	20	20	0.1	0.6877777777777777	8.166994088998763	0.5294117647058824	0.48484848484848486	0.5909090909090909	0.3333333333333333	0.3333333333333333	0.3333333333333333	-0.030303030303030304	2	4	4	7
logistic_regression	residue_residue	1	2	2	66	17	21	45	5	12	3982	3970	5	5	100.0	0.66	8.0745984890018	0.8823529411764706	0.8583333333333334	0.8166666666666667	0.8	0.8	0.8	0.7166666666666667	4	1	1	11
logistic_regression	residue_residue	1	3	3	66	17	21	45	5	12	3982	3971	10	10	1.0	0.6133333333333333	8.07142073900468	0.7058823529411765	0.675	0.8	0.5	0.6	0.5454545454545454	0.3337119062359573	3	2	3	9
logistic_regression	residue_residue	1	4	4	67	16	21	46	5	11	3982	3971	50	50	1.0	0.6716666666666666	8.092597329996352	0.75	0.6	0.4	1.0	0.2	0.3333333333333333	0.38297084310253526	1	4	0	11
logistic_regression	residue_residue	1	5	5	67	16	21	46	5	11	3982	3971	5	5	1.0	0.7022222222222222	8.126928983001562	0.5	0.4727272727272727	0.6545454545454545	0.2857142857142857	0.4	0.3333333333333333	-0.050964719143762556	2	3	5	6
logistic_regression	residue_residue	2	1	6	66	17	20	46	6	11	3982	3971	20	20	0.1	0.6772222222222222	8.03204277199984	0.5882352941176471	0.606060606060606	0.5606060606060606	0.4444444444444444	0.6666666666666666	0.5333333333333333	0.2030905986149808	4	2	5	6
logistic_regression	residue_residue	2	2	7	66	17	21	45	5	12	3982	3971	50	50	1.0	0.5322222222222222	8.084840504001477	0.8235294117647058	0.7583333333333333	0.8166666666666667	0.75	0.6	0.6666666666666666	0.5549890273805606	3	2	1	11
logistic_regression	residue_residue	2	3	8	66	17	21	45	5	12	3982	3970	5	5	100.0	0.5905555555555555	8.085602523999114	0.8823529411764706	0.8583333333333334	0.8166666666666668	0.8	0.8	0.8	0.7166666666666667	4	1	1	11
logistic_regression	residue_residue	2	4	9	67	16	21	46	5	11	3982	3971	20	20	1.0	0.7022222222222222	8.149418608001724	0.75	0.7090909090909091	0.8363636363636364	0.6	0.6	0.6	0.41818181818181815	3	2	2	9
logistic_regression	residue_residue	2	5	10	67	16	21	46	5	11	3982	3971	50	50	100.0	0.6727777777777778	8.025397387005796	0.5625	0.5727272727272728	0.4727272727272727	0.375	0.6	0.46153846153846156	0.13483997249264842	3	2	5	6
logistic_regression	residue_residue	3	1	11	66	17	20	46	6	11	3982	3971	20	20	10.0	0.6355555555555554	8.045508767994761	0.7058823529411765	0.6590909090909092	0.8181818181818181	0.6	0.5	0.5454545454545454	0.3337119062359573	3	3	2	9
logistic_regression	residue_residue	3	2	12	66	17	21	45	5	12	3982	3970	10	10	100.0	0.5533333333333333	8.069914243998937	0.8235294117647058	0.8166666666666667	0.8833333333333333	0.6666666666666666	0.8	0.7272727272727273	0.6038596398555418	4	1	2	10
logistic_regression	residue_residue	3	3	13	66	17	21	45	5	12	3982	3971	10	10	100.0	0.7150000000000001	8.041290500004834	0.6470588235294118	0.6916666666666667	0.7166666666666667	0.4444444444444444	0.8	0.5714285714285714	0.34993385618385614	4	1	5	7
logistic_regression	residue_residue	3	4	14	67	16	21	46	5	11	3982	3971	10	10	10.0	0.7444444444444444	8.08417197700328	0.5	0.5272727272727272	0.6545454545454545	0.3333333333333333	0.6	0.42857142857142855	0.050964719143762556	3	2	6	5
logistic_regression	residue_residue	3	5	15	67	16	21	46	5	11	3982	3971	10	10	1.0	0.7300000000000001	8.102477758002351	0.5625	0.5181818181818182	0.6545454545454545	0.3333333333333333	0.4	0.36363636363636365	0.034815531191139566	2	3	4	7
logistic_regression	residue_residue	4	1	16	66	17	20	46	6	11	3982	3971	10	10	0.1	0.5761111111111111	8.173739270001533	0.7058823529411765	0.7348484848484849	0.7272727272727273	0.5555555555555556	0.8333333333333334	0.6666666666666666	0.4497006112188861	5	1	4	7
logistic_regression	residue_residue	4	2	17	66	17	21	45	5	12	3982	3971	20	20	100.0	0.7438888888888888	8.045235924000735	0.7058823529411765	0.675	0.7166666666666667	0.5	0.6	0.5454545454545454	0.3337119062359573	3	2	3	9
logistic_regression	residue_residue	4	3	18	66	17	21	45	5	12	3982	3970	10	10	0.1	0.6855555555555555	8.090142134999041	0.5294117647058824	0.43333333333333335	0.43333333333333335	0.2	0.2	0.2	-0.13333333333333333	1	4	4	8
logistic_regression	residue_residue	4	4	19	67	16	21	46	5	11	3982	3971	10	10	1.0	0.8394444444444444	8.084005631004402	0.625	0.6181818181818182	0.7272727272727273	0.42857142857142855	0.6	0.5	0.22084711628963774	3	2	4	7
logistic_regression	residue_residue	4	5	20	67	16	21	46	5	11	3982	3971	10	10	10.0	0.7733333333333334	8.03919109099661	0.6875	0.6090909090909091	0.8363636363636364	0.5	0.4	0.4444444444444444	0.23354968324845687	2	3	2	9
logistic_regression	residue_residue	5	1	21	66	17	20	46	6	11	3982	3971	5	5	100.0	0.7149999999999999	8.114742133002437	0.5294117647058824	0.5227272727272727	0.7424242424242424	0.375	0.5	0.42857142857142855	0.04351941398892446	3	3	5	6
logistic_regression	residue_residue	5	2	22	66	17	21	45	5	12	3982	3971	5	5	100.0	0.6933333333333334	8.418524130996957	0.8235294117647058	0.8166666666666667	0.8333333333333333	0.6666666666666666	0.8	0.7272727272727273	0.6038596398555418	4	1	2	10
logistic_regression	residue_residue	5	3	23	66	17	21	45	5	12	3982	3971	50	50	0.1	0.6344444444444444	8.061557400003949	0.6470588235294118	0.6333333333333333	0.7333333333333333	0.42857142857142855	0.6	0.5	0.24688535993934707	3	2	4	8
logistic_regression	residue_residue	5	4	24	67	16	21	46	5	11	3982	3971	20	20	1.0	0.6949999999999998	8.17755007800588	0.6875	0.6090909090909091	0.7818181818181817	0.5	0.4	0.4444444444444444	0.23354968324845687	2	3	2	9
logistic_regression	residue_residue	5	5	25	67	16	21	46	5	11	3982	3970	20	20	100.0	0.6822222222222222	8.034378741002001	0.6875	0.6090909090909091	0.7818181818181817	0.5	0.4	0.4444444444444444	0.23354968324845687	2	3	2	9
logistic_regression	combined_all	1	1	1	66	17	20	46	6	11	4086	4069	20	20	0.1	0.6877777777777777	8.752911711999332	0.5294117647058824	0.48484848484848486	0.5909090909090909	0.3333333333333333	0.3333333333333333	0.3333333333333333	-0.030303030303030304	2	4	4	7
logistic_regression	combined_all	1	2	2	66	17	21	45	5	12	4086	4068	10	10	0.01	0.6683333333333333	8.20026706900535	0.35294117647058826	0.30833333333333335	0.4666666666666667	0.125	0.2	0.15384615384615385	-0.34993385618385614	1	4	7	5
logistic_regression	combined_all	1	3	3	66	17	21	45	5	12	4086	4069	5	5	0.01	0.5761111111111111	8.271300728003553	0.7647058823529411	0.775	0.9166666666666667	0.5714285714285714	0.8	0.6666666666666666	0.5092010548749033	4	1	3	9
logistic_regression	combined_all	1	4	4	67	16	21	46	5	11	4086	4069	50	50	1.0	0.7449999999999999	8.165402204998827	0.6875	0.5545454545454546	0.49090909090909096	0.5	0.2	0.2857142857142857	0.15289415743128767	1	4	1	10
logistic_regression	combined_all	1	5	5	67	16	21	46	5	11	4086	4069	5	5	1.0	0.7022222222222222	8.252757273003226	0.5	0.4727272727272727	0.6545454545454545	0.2857142857142857	0.4	0.3333333333333333	-0.050964719143762556	2	3	5	6
logistic_regression	combined_all	2	1	6	66	17	20	46	6	11	4086	4069	5	5	10.0	0.6444444444444444	8.206736072002968	0.7058823529411765	0.7348484848484849	0.6818181818181819	0.5555555555555556	0.8333333333333334	0.6666666666666666	0.4497006112188861	5	1	4	7
logistic_regression	combined_all	2	2	7	66	17	21	45	5	12	4086	4069	10	10	100.0	0.6088888888888888	8.178548898998997	0.8235294117647058	0.7583333333333333	0.8833333333333334	0.75	0.6	0.6666666666666666	0.5549890273805606	3	2	1	11
logistic_regression	combined_all	2	3	8	66	17	21	45	5	12	4086	4068	5	5	100.0	0.5905555555555555	8.24772452400066	0.8823529411764706	0.8583333333333334	0.8166666666666668	0.8	0.8	0.8	0.7166666666666667	4	1	1	11
logistic_regression	combined_all	2	4	9	67	16	21	46	5	11	4086	4069	10	10	10.0	0.6883333333333332	8.129033813995193	0.8125	0.8090909090909091	0.8727272727272728	0.6666666666666666	0.8	0.7272727272727273	0.5918640302493726	4	1	2	9
logistic_regression	combined_all	2	5	10	67	16	21	46	5	11	4086	4069	5	5	10.0	0.6677777777777777	8.178205649004667	0.5	0.4727272727272727	0.4545454545454546	0.2857142857142857	0.4	0.3333333333333333	-0.050964719143762556	2	3	5	6
logistic_regression	combined_all	3	1	11	66	17	20	46	6	11	4086	4069	20	20	10.0	0.6938888888888888	8.077558810997289	0.7058823529411765	0.6590909090909092	0.8181818181818181	0.6	0.5	0.5454545454545454	0.3337119062359573	3	3	2	9
logistic_regression	combined_all	3	2	12	66	17	21	45	5	12	4086	4068	20	20	0.1	0.605	8.130466358001286	0.6470588235294118	0.6333333333333333	0.6833333333333333	0.42857142857142855	0.6	0.5	0.24688535993934707	3	2	4	8
logistic_regression	combined_all	3	3	13	66	17	21	45	5	12	4086	4069	10	10	100.0	0.735	8.11368727000081	0.6470588235294118	0.6916666666666667	0.7166666666666667	0.4444444444444444	0.8	0.5714285714285714	0.34993385618385614	4	1	5	7
logistic_regression	combined_all	3	4	14	67	16	21	46	5	11	4086	4069	10	10	10.0	0.7444444444444444	8.151670229999581	0.5	0.5272727272727272	0.6545454545454545	0.3333333333333333	0.6	0.42857142857142855	0.050964719143762556	3	2	6	5
logistic_regression	combined_all	3	5	15	67	16	21	46	5	11	4086	4069	10	10	1.0	0.7550000000000001	8.11804603899509	0.5625	0.5181818181818182	0.6545454545454545	0.3333333333333333	0.4	0.36363636363636365	0.034815531191139566	2	3	4	7
logistic_regression	combined_all	4	1	16	66	17	20	46	6	11	4086	4069	10	10	0.1	0.5899999999999999	8.144716046997928	0.7058823529411765	0.7348484848484849	0.7272727272727273	0.5555555555555556	0.8333333333333334	0.6666666666666666	0.4497006112188861	5	1	4	7
logistic_regression	combined_all	4	2	17	66	17	21	45	5	12	4086	4069	20	20	0.1	0.7538888888888888	8.15043230500305	0.5294117647058824	0.43333333333333335	0.55	0.2	0.2	0.2	-0.13333333333333333	1	4	4	8
logistic_regression	combined_all	4	3	18	66	17	21	45	5	12	4086	4068	10	10	0.1	0.6855555555555555	8.180366444001265	0.5294117647058824	0.43333333333333335	0.43333333333333335	0.2	0.2	0.2	-0.13333333333333333	1	4	4	8
logistic_regression	combined_all	4	4	19	67	16	21	46	5	11	4086	4069	10	10	1.0	0.8283333333333334	8.262027602999297	0.6875	0.6636363636363636	0.8	0.5	0.6	0.5454545454545454	0.3133397807202561	3	2	3	8
logistic_regression	combined_all	4	5	20	67	16	21	46	5	11	4086	4069	5	5	1.0	0.7727777777777779	8.18339543500042	0.625	0.5636363636363637	0.8	0.4	0.4	0.4	0.12727272727272726	2	3	3	8
logistic_regression	combined_all	5	1	21	66	17	20	46	6	11	4086	4069	20	20	1.0	0.678888888888889	8.16880435100029	0.6470588235294118	0.6515151515151515	0.6212121212121212	0.5	0.6666666666666666	0.5714285714285714	0.29012942659282975	4	2	4	7
logistic_regression	combined_all	5	2	22	66	17	21	45	5	12	4086	4069	5	5	10.0	0.671111111111111	8.220380208003917	0.8235294117647058	0.8166666666666667	0.8333333333333333	0.6666666666666666	0.8	0.7272727272727273	0.6038596398555418	4	1	2	10
logistic_regression	combined_all	5	3	23	66	17	21	45	5	12	4086	4069	50	50	1.0	0.6649999999999999	8.214082594000502	0.8235294117647058	0.8166666666666667	0.8166666666666668	0.6666666666666666	0.8	0.7272727272727273	0.6038596398555418	4	1	2	10
logistic_regression	combined_all	5	4	24	67	16	21	46	5	11	4086	4069	20	20	100.0	0.6972222222222222	8.171556061999581	0.6875	0.6090909090909091	0.7454545454545454	0.5	0.4	0.4444444444444444	0.23354968324845687	2	3	2	9
logistic_regression	combined_all	5	5	25	67	16	21	46	5	11	4086	4068	20	20	10.0	0.6822222222222222	8.23512483399827	0.6875	0.6090909090909091	0.7636363636363637	0.5	0.4	0.4444444444444444	0.23354968324845687	2	3	2	9
