feature	structural_label	group	distance_A	molecule	old_rf_barrier
PRO62-PRO1279	GLU62–SER1279	low	7.321000099182129	PV-008757770384	26.218
PRO62-PRO1279	GLU62–SER1279	high	6.992000102996826	PV-008757900583	30.688
PRO62-PRO1279	GLU62–SER1279	high	7.001999855041504	PV-008758319457	30.362
PRO62-PRO1279	GLU62–SER1279	low	7.710999965667725	PV-008758448064	27.958
PRO62-PRO1279	GLU62–SER1279	high	7.104000091552734	PV-008758567449	31.089
PRO62-PRO1279	GLU62–SER1279	low	7.479000091552734	PV-008758737063	26.733
PRO62-PRO1279	GLU62–SER1279	high	6.533999919891357	PV-008759176601	30.513
PRO62-PRO1279	GLU62–SER1279	high	7.354000091552734	PV-008759292011	29.61
PRO62-PRO1279	GLU62–SER1279	low	7.877999782562256	PV-008759292012	25.739
PRO62-PRO1279	GLU62–SER1279	high	6.744999885559082	PV-008759682543	32.137
PRO62-PRO1279	GLU62–SER1279	high	6.989999771118164	PV-008760102914	30.869
PRO62-PRO1279	GLU62–SER1279	high	6.96999979019165	PV-008760598416	30.161
PRO62-PRO1279	GLU62–SER1279	high	8.53600025177002	PV-008760775061	30.605
PRO62-PRO1279	GLU62–SER1279	high	7.224999904632568	PV-008761084195	29.846
PRO62-PRO1279	GLU62–SER1279	low	8.166999816894531	PV-008761610892	27.893
PRO62-PRO1279	GLU62–SER1279	low	7.295000076293945	PV-008761780643	27.212
PRO62-PRO1279	GLU62–SER1279	high	7.392000198364258	PV-008761780644	29.632
PRO62-PRO1279	GLU62–SER1279	high	7.2220001220703125	PV-008761814083	29.812
PRO62-PRO1279	GLU62–SER1279	high	6.96999979019165	PV-008761836158	29.782
PRO62-PRO1279	GLU62–SER1279	low	8.102999687194824	PV-008761836160	27.522
PRO62-PRO1279	GLU62–SER1279	high	7.182000160217285	PV-008762155505	29.702
PRO62-PRO1279	GLU62–SER1279	high	6.939000129699707	PV-008762348949	31.505
PRO62-PRO1279	GLU62–SER1279	high	7.209000110626221	PV-008762892984	29.335
PRO62-PRO1279	GLU62–SER1279	high	6.783999919891357	PV-008762980755	30.176
PRO62-PRO1279	GLU62–SER1279	low	8.192000389099121	PV-008763200437	25.601
PRO62-PRO1279	GLU62–SER1279	low	7.466000080108643	PV-008763273438	25.65
PRO62-PRO1279	GLU62–SER1279	low	7.491000175476074	PV-008763360353	27.047
PRO62-PRO1279	GLU62–SER1279	high	7.254000186920166	PV-008763640783	31.361
PRO62-PRO1279	GLU62–SER1279	high	7.0329999923706055	PV-008763640784	32.232
PRO62-PRO1279	GLU62–SER1279	high	7.179999828338623	PV-008763728970	29.474
PRO62-PRO1279	GLU62–SER1279	high	7.041999816894531	PV-008764318424	30.931
PRO62-PRO1279	GLU62–SER1279	high	7.438000202178955	PV-008765179181	30.89
PRO62-PRO1279	GLU62–SER1279	high	7.6529998779296875	PV-008765328058	31.503
PRO62-PRO1279	GLU62–SER1279	low	7.461999893188477	PV-008765546742	25.418
PRO62-PRO1279	GLU62–SER1279	high	7.669000148773193	PV-008765810937	30.42
PRO62-PRO1279	GLU62–SER1279	high	7.125	PV-008765810938	31.158
PRO62-PRO1279	GLU62–SER1279	low	7.833000183105469	PV-008765810939	26.93
PRO62-PRO1279	GLU62–SER1279	low	7.71999979019165	PV-008766013536	27.56
PRO62-PRO1279	GLU62–SER1279	high	7.0289998054504395	PV-008766033961	30.263
PRO62-PRO1279	GLU62–SER1279	high	7.618000030517578	PV-008767128607	31.252
PRO62-PRO1279	GLU62–SER1279	high	6.992000102996826	PV-008767128608	29.84
PRO62-PRO1279	GLU62–SER1279	high	6.946000099182129	PV-008767251949	31.155
PRO62-PRO1279	GLU62–SER1279	low	7.427999973297119	PV-008767411074	25.829
PRO62-PRO1279	GLU62–SER1279	high	7.308000087738037	PV-008767544594	30.331
PRO62-PRO1279	GLU62–SER1279	low	7.576000213623047	PV-008767612180	26.602
PRO62-PRO1279	GLU62–SER1279	high	7.438000202178955	PV-008768515159	30.334
PRO62-PRO1279	GLU62–SER1279	low	7.622000217437744	PV-008768638669	26.353
PRO62-PRO1279	GLU62–SER1279	high	7.932000160217285	PV-008768827993	31.294
PRO62-PRO1279	GLU62–SER1279	high	7.00600004196167	PV-008769142754	30.459
PRO62-PRO1279	GLU62–SER1279	high	8.201000213623047	PV-008769162671	29.721
PRO62-PRO1279	GLU62–SER1279	low	7.797999858856201	PV-008769671712	27.793
PRO62-PRO1279	GLU62–SER1279	high	6.88700008392334	PV-008769775183	30.149
PRO62-PRO1279	GLU62–SER1279	high	7.0229997634887695	PV-008770025955	30.748
PRO62-PRO1279	GLU62–SER1279	low	7.409999847412109	PV-008770051954	26.15
PRO62-PRO1279	GLU62–SER1279	high	7.122000217437744	PV-008770311606	30.289
PRO62-PRO1279	GLU62–SER1279	high	8.069999694824219	PV-008770425419	30.17
PRO62-PRO1279	GLU62–SER1279	high	7.36899995803833	PV-008770637437	29.724
PRO62-PRO1279	GLU62–SER1279	high	7.045000076293945	PV-008772811922	30.87
PRO62-PRO1279	GLU62–SER1279	low	7.5920000076293945	PV-008772956252	26.244
PRO62-PRO1279	GLU62–SER1279	high	6.590000152587891	PV-008773400095	30.334
PRO62-PRO1279	GLU62–SER1279	low	7.427999973297119	PV-008773530883	26.897
PRO62-PRO1279	GLU62–SER1279	high	7.681000232696533	PV-008773613007	31.056
PRO62-PRO1279	GLU62–SER1279	high	6.940000057220459	PV-008773714513	30.963
PRO62-PRO1279	GLU62–SER1279	high	7.0970001220703125	PV-008773717469	29.334
PRO62-PRO1279	GLU62–SER1279	high	7.445000171661377	PV-008773819830	30.808
PRO62-PRO1279	GLU62–SER1279	high	7.201000213623047	PV-008774016306	29.522
PRO62-PRO1279	GLU62–SER1279	high	7.311999797821045	PV-008774017200	29.068
PRO62-PRO1279	GLU62–SER1279	high	6.809999942779541	PV-008774133588	30.879
PRO62-PRO1279	GLU62–SER1279	high	7.678999900817871	PV-008774327569	29.469
PRO62-PRO1279	GLU62–SER1279	high	7.206999778747559	PV-008774877441	30.193
PRO62-PRO1279	GLU62–SER1279	high	7.256999969482422	PV-008775010456	29.724
PRO62-PRO1279	GLU62–SER1279	high	7.014999866485596	PV-008775077920	31.164
PRO62-PRO1279	GLU62–SER1279	high	7.110000133514404	PV-008775077921	30.519
PRO62-PRO1279	GLU62–SER1279	low	7.498000144958496	PV-008775091835	26.242
PRO62-PRO1279	GLU62–SER1279	high	7.179999828338623	PV-008776894421	30.082
PRO62-PRO1279	GLU62–SER1279	high	7.051000118255615	PV-008777014626	30.475
PRO62-PRO1279	GLU62–SER1279	low	7.860000133514404	PV-008777518351	27.822
PRO62-PRO1279	GLU62–SER1279	low	7.84499979019165	PV-008777526060	26.121
PRO62-PRO1279	GLU62–SER1279	low	8.222000122070312	PV-008777721620	27.427
PRO62-PRO1279	GLU62–SER1279	low	7.459000110626221	PV-008777807930	26.571
PRO62-PRO1279	GLU62–SER1279	high	7.294000148773193	PV-008777921249	29.695
PRO62-PRO1279	GLU62–SER1279	low	7.35099983215332	PV-008777921250	26.842
PRO62-PRO1279	GLU62–SER1279	high	7.223999977111816	PV-008777921251	30.401
PRO1275-PRO1276	PHE1275–ARG1276	low	1.347000002861023	PV-008757770384	26.218
PRO1275-PRO1276	PHE1275–ARG1276	high	1.340000033378601	PV-008757900583	30.688
PRO1275-PRO1276	PHE1275–ARG1276	high	1.343000054359436	PV-008758319457	30.362
PRO1275-PRO1276	PHE1275–ARG1276	low	1.3450000286102295	PV-008758448064	27.958
PRO1275-PRO1276	PHE1275–ARG1276	high	1.3450000286102295	PV-008758567449	31.089
PRO1275-PRO1276	PHE1275–ARG1276	low	1.343999981880188	PV-008758737063	26.733
PRO1275-PRO1276	PHE1275–ARG1276	high	1.3450000286102295	PV-008759176601	30.513
PRO1275-PRO1276	PHE1275–ARG1276	high	1.343000054359436	PV-008759292011	29.61
PRO1275-PRO1276	PHE1275–ARG1276	low	1.3450000286102295	PV-008759292012	25.739
PRO1275-PRO1276	PHE1275–ARG1276	high	1.3459999561309814	PV-008759682543	32.137
PRO1275-PRO1276	PHE1275–ARG1276	high	1.3480000495910645	PV-008760102914	30.869
PRO1275-PRO1276	PHE1275–ARG1276	high	1.3450000286102295	PV-008760598416	30.161
PRO1275-PRO1276	PHE1275–ARG1276	high	1.343000054359436	PV-008760775061	30.605
PRO1275-PRO1276	PHE1275–ARG1276	high	1.3450000286102295	PV-008761084195	29.846
PRO1275-PRO1276	PHE1275–ARG1276	low	1.3509999513626099	PV-008761610892	27.893
PRO1275-PRO1276	PHE1275–ARG1276	low	1.3450000286102295	PV-008761780643	27.212
PRO1275-PRO1276	PHE1275–ARG1276	high	1.3420000076293945	PV-008761780644	29.632
PRO1275-PRO1276	PHE1275–ARG1276	high	1.3489999771118164	PV-008761814083	29.812
PRO1275-PRO1276	PHE1275–ARG1276	high	1.3459999561309814	PV-008761836158	29.782
PRO1275-PRO1276	PHE1275–ARG1276	low	1.343999981880188	PV-008761836160	27.522
PRO1275-PRO1276	PHE1275–ARG1276	high	1.3459999561309814	PV-008762155505	29.702
PRO1275-PRO1276	PHE1275–ARG1276	high	1.343999981880188	PV-008762348949	31.505
PRO1275-PRO1276	PHE1275–ARG1276	high	1.3450000286102295	PV-008762892984	29.335
PRO1275-PRO1276	PHE1275–ARG1276	high	1.3450000286102295	PV-008762980755	30.176
PRO1275-PRO1276	PHE1275–ARG1276	low	1.3480000495910645	PV-008763200437	25.601
PRO1275-PRO1276	PHE1275–ARG1276	low	1.347000002861023	PV-008763273438	25.65
PRO1275-PRO1276	PHE1275–ARG1276	low	1.343999981880188	PV-008763360353	27.047
PRO1275-PRO1276	PHE1275–ARG1276	high	1.340999960899353	PV-008763640783	31.361
PRO1275-PRO1276	PHE1275–ARG1276	high	1.3480000495910645	PV-008763640784	32.232
PRO1275-PRO1276	PHE1275–ARG1276	high	1.343000054359436	PV-008763728970	29.474
PRO1275-PRO1276	PHE1275–ARG1276	high	1.3420000076293945	PV-008764318424	30.931
PRO1275-PRO1276	PHE1275–ARG1276	high	1.3420000076293945	PV-008765179181	30.89
PRO1275-PRO1276	PHE1275–ARG1276	high	1.343000054359436	PV-008765328058	31.503
PRO1275-PRO1276	PHE1275–ARG1276	low	1.3480000495910645	PV-008765546742	25.418
PRO1275-PRO1276	PHE1275–ARG1276	high	1.343000054359436	PV-008765810937	30.42
PRO1275-PRO1276	PHE1275–ARG1276	high	1.3450000286102295	PV-008765810938	31.158
PRO1275-PRO1276	PHE1275–ARG1276	low	1.343999981880188	PV-008765810939	26.93
PRO1275-PRO1276	PHE1275–ARG1276	low	1.3459999561309814	PV-008766013536	27.56
PRO1275-PRO1276	PHE1275–ARG1276	high	1.3420000076293945	PV-008766033961	30.263
PRO1275-PRO1276	PHE1275–ARG1276	high	1.340000033378601	PV-008767128607	31.252
PRO1275-PRO1276	PHE1275–ARG1276	high	1.347000002861023	PV-008767128608	29.84
PRO1275-PRO1276	PHE1275–ARG1276	high	1.3450000286102295	PV-008767251949	31.155
PRO1275-PRO1276	PHE1275–ARG1276	low	1.343999981880188	PV-008767411074	25.829
PRO1275-PRO1276	PHE1275–ARG1276	high	1.343000054359436	PV-008767544594	30.331
PRO1275-PRO1276	PHE1275–ARG1276	low	1.3489999771118164	PV-008767612180	26.602
PRO1275-PRO1276	PHE1275–ARG1276	high	1.343000054359436	PV-008768515159	30.334
PRO1275-PRO1276	PHE1275–ARG1276	low	1.3480000495910645	PV-008768638669	26.353
PRO1275-PRO1276	PHE1275–ARG1276	high	1.3420000076293945	PV-008768827993	31.294
PRO1275-PRO1276	PHE1275–ARG1276	high	1.347000002861023	PV-008769142754	30.459
PRO1275-PRO1276	PHE1275–ARG1276	high	1.343000054359436	PV-008769162671	29.721
PRO1275-PRO1276	PHE1275–ARG1276	low	1.3480000495910645	PV-008769671712	27.793
PRO1275-PRO1276	PHE1275–ARG1276	high	1.3450000286102295	PV-008769775183	30.149
PRO1275-PRO1276	PHE1275–ARG1276	high	1.347000002861023	PV-008770025955	30.748
PRO1275-PRO1276	PHE1275–ARG1276	low	1.3480000495910645	PV-008770051954	26.15
PRO1275-PRO1276	PHE1275–ARG1276	high	1.3450000286102295	PV-008770311606	30.289
PRO1275-PRO1276	PHE1275–ARG1276	high	1.3420000076293945	PV-008770425419	30.17
PRO1275-PRO1276	PHE1275–ARG1276	high	1.343000054359436	PV-008770637437	29.724
PRO1275-PRO1276	PHE1275–ARG1276	high	1.340999960899353	PV-008772811922	30.87
PRO1275-PRO1276	PHE1275–ARG1276	low	1.343999981880188	PV-008772956252	26.244
PRO1275-PRO1276	PHE1275–ARG1276	high	1.3450000286102295	PV-008773400095	30.334
PRO1275-PRO1276	PHE1275–ARG1276	low	1.3480000495910645	PV-008773530883	26.897
PRO1275-PRO1276	PHE1275–ARG1276	high	1.340999960899353	PV-008773613007	31.056
PRO1275-PRO1276	PHE1275–ARG1276	high	1.3480000495910645	PV-008773714513	30.963
PRO1275-PRO1276	PHE1275–ARG1276	high	1.3420000076293945	PV-008773717469	29.334
PRO1275-PRO1276	PHE1275–ARG1276	high	1.340999960899353	PV-008773819830	30.808
PRO1275-PRO1276	PHE1275–ARG1276	high	1.343999981880188	PV-008774016306	29.522
PRO1275-PRO1276	PHE1275–ARG1276	high	1.3450000286102295	PV-008774017200	29.068
PRO1275-PRO1276	PHE1275–ARG1276	high	1.3459999561309814	PV-008774133588	30.879
PRO1275-PRO1276	PHE1275–ARG1276	high	1.343999981880188	PV-008774327569	29.469
PRO1275-PRO1276	PHE1275–ARG1276	high	1.3480000495910645	PV-008774877441	30.193
PRO1275-PRO1276	PHE1275–ARG1276	high	1.3389999866485596	PV-008775010456	29.724
PRO1275-PRO1276	PHE1275–ARG1276	high	1.343999981880188	PV-008775077920	31.164
PRO1275-PRO1276	PHE1275–ARG1276	high	1.347000002861023	PV-008775077921	30.519
PRO1275-PRO1276	PHE1275–ARG1276	low	1.3450000286102295	PV-008775091835	26.242
PRO1275-PRO1276	PHE1275–ARG1276	high	1.3450000286102295	PV-008776894421	30.082
PRO1275-PRO1276	PHE1275–ARG1276	high	1.343999981880188	PV-008777014626	30.475
PRO1275-PRO1276	PHE1275–ARG1276	low	1.3459999561309814	PV-008777518351	27.822
PRO1275-PRO1276	PHE1275–ARG1276	low	1.350000023841858	PV-008777526060	26.121
PRO1275-PRO1276	PHE1275–ARG1276	low	1.3459999561309814	PV-008777721620	27.427
PRO1275-PRO1276	PHE1275–ARG1276	low	1.3450000286102295	PV-008777807930	26.571
PRO1275-PRO1276	PHE1275–ARG1276	high	1.3450000286102295	PV-008777921249	29.695
PRO1275-PRO1276	PHE1275–ARG1276	low	1.3450000286102295	PV-008777921250	26.842
PRO1275-PRO1276	PHE1275–ARG1276	high	1.3450000286102295	PV-008777921251	30.401
PRO90-PRO92	PHE90–ASP92	low	3.0850000381469727	PV-008757770384	26.218
PRO90-PRO92	PHE90–ASP92	high	3.2219998836517334	PV-008757900583	30.688
PRO90-PRO92	PHE90–ASP92	high	3.052000045776367	PV-008758319457	30.362
PRO90-PRO92	PHE90–ASP92	low	3.2060000896453857	PV-008758448064	27.958
PRO90-PRO92	PHE90–ASP92	high	3.2309999465942383	PV-008758567449	31.089
PRO90-PRO92	PHE90–ASP92	low	3.1549999713897705	PV-008758737063	26.733
PRO90-PRO92	PHE90–ASP92	high	3.2679998874664307	PV-008759176601	30.513
PRO90-PRO92	PHE90–ASP92	high	3.131999969482422	PV-008759292011	29.61
PRO90-PRO92	PHE90–ASP92	low	3.1510000228881836	PV-008759292012	25.739
PRO90-PRO92	PHE90–ASP92	high	2.9739999771118164	PV-008759682543	32.137
PRO90-PRO92	PHE90–ASP92	high	3.2039999961853027	PV-008760102914	30.869
PRO90-PRO92	PHE90–ASP92	high	3.1459999084472656	PV-008760598416	30.161
PRO90-PRO92	PHE90–ASP92	high	2.9130001068115234	PV-008760775061	30.605
PRO90-PRO92	PHE90–ASP92	high	3.1559998989105225	PV-008761084195	29.846
PRO90-PRO92	PHE90–ASP92	low	3.5910000801086426	PV-008761610892	27.893
PRO90-PRO92	PHE90–ASP92	low	3.0230000019073486	PV-008761780643	27.212
PRO90-PRO92	PHE90–ASP92	high	2.8359999656677246	PV-008761780644	29.632
PRO90-PRO92	PHE90–ASP92	high	2.940000057220459	PV-008761814083	29.812
PRO90-PRO92	PHE90–ASP92	high	3.002000093460083	PV-008761836158	29.782
PRO90-PRO92	PHE90–ASP92	low	3.186000108718872	PV-008761836160	27.522
PRO90-PRO92	PHE90–ASP92	high	3.194000005722046	PV-008762155505	29.702
PRO90-PRO92	PHE90–ASP92	high	2.9739999771118164	PV-008762348949	31.505
PRO90-PRO92	PHE90–ASP92	high	3.1480000019073486	PV-008762892984	29.335
PRO90-PRO92	PHE90–ASP92	high	3.1019999980926514	PV-008762980755	30.176
PRO90-PRO92	PHE90–ASP92	low	3.253000020980835	PV-008763200437	25.601
PRO90-PRO92	PHE90–ASP92	low	3.0989999771118164	PV-008763273438	25.65
PRO90-PRO92	PHE90–ASP92	low	3.1570000648498535	PV-008763360353	27.047
PRO90-PRO92	PHE90–ASP92	high	3.1410000324249268	PV-008763640783	31.361
PRO90-PRO92	PHE90–ASP92	high	3.0899999141693115	PV-008763640784	32.232
PRO90-PRO92	PHE90–ASP92	high	3.1429998874664307	PV-008763728970	29.474
PRO90-PRO92	PHE90–ASP92	high	2.9579999446868896	PV-008764318424	30.931
PRO90-PRO92	PHE90–ASP92	high	3.01200008392334	PV-008765179181	30.89
PRO90-PRO92	PHE90–ASP92	high	3.0480000972747803	PV-008765328058	31.503
PRO90-PRO92	PHE90–ASP92	low	3.2690000534057617	PV-008765546742	25.418
PRO90-PRO92	PHE90–ASP92	high	3.0820000171661377	PV-008765810937	30.42
PRO90-PRO92	PHE90–ASP92	high	2.9760000705718994	PV-008765810938	31.158
PRO90-PRO92	PHE90–ASP92	low	3.194999933242798	PV-008765810939	26.93
PRO90-PRO92	PHE90–ASP92	low	3.1740000247955322	PV-008766013536	27.56
PRO90-PRO92	PHE90–ASP92	high	3.2990000247955322	PV-008766033961	30.263
PRO90-PRO92	PHE90–ASP92	high	2.9790000915527344	PV-008767128607	31.252
PRO90-PRO92	PHE90–ASP92	high	2.989000082015991	PV-008767128608	29.84
PRO90-PRO92	PHE90–ASP92	high	3.1080000400543213	PV-008767251949	31.155
PRO90-PRO92	PHE90–ASP92	low	3.319999933242798	PV-008767411074	25.829
PRO90-PRO92	PHE90–ASP92	high	3.2309999465942383	PV-008767544594	30.331
PRO90-PRO92	PHE90–ASP92	low	3.11899995803833	PV-008767612180	26.602
PRO90-PRO92	PHE90–ASP92	high	3.009999990463257	PV-008768515159	30.334
PRO90-PRO92	PHE90–ASP92	low	3.1619999408721924	PV-008768638669	26.353
PRO90-PRO92	PHE90–ASP92	high	2.937999963760376	PV-008768827993	31.294
PRO90-PRO92	PHE90–ASP92	high	3.2079999446868896	PV-008769142754	30.459
PRO90-PRO92	PHE90–ASP92	high	3.1619999408721924	PV-008769162671	29.721
PRO90-PRO92	PHE90–ASP92	low	3.190000057220459	PV-008769671712	27.793
PRO90-PRO92	PHE90–ASP92	high	2.933000087738037	PV-008769775183	30.149
PRO90-PRO92	PHE90–ASP92	high	3.0290000438690186	PV-008770025955	30.748
PRO90-PRO92	PHE90–ASP92	low	3.0390000343322754	PV-008770051954	26.15
PRO90-PRO92	PHE90–ASP92	high	3.2820000648498535	PV-008770311606	30.289
PRO90-PRO92	PHE90–ASP92	high	2.871999979019165	PV-008770425419	30.17
PRO90-PRO92	PHE90–ASP92	high	3.1689999103546143	PV-008770637437	29.724
PRO90-PRO92	PHE90–ASP92	high	3.234999895095825	PV-008772811922	30.87
PRO90-PRO92	PHE90–ASP92	low	3.122999906539917	PV-008772956252	26.244
PRO90-PRO92	PHE90–ASP92	high	3.1510000228881836	PV-008773400095	30.334
PRO90-PRO92	PHE90–ASP92	low	3.197000026702881	PV-008773530883	26.897
PRO90-PRO92	PHE90–ASP92	high	3.0450000762939453	PV-008773613007	31.056
PRO90-PRO92	PHE90–ASP92	high	3.2200000286102295	PV-008773714513	30.963
PRO90-PRO92	PHE90–ASP92	high	3.0309998989105225	PV-008773717469	29.334
PRO90-PRO92	PHE90–ASP92	high	2.9779999256134033	PV-008773819830	30.808
PRO90-PRO92	PHE90–ASP92	high	2.9579999446868896	PV-008774016306	29.522
PRO90-PRO92	PHE90–ASP92	high	3.197000026702881	PV-008774017200	29.068
PRO90-PRO92	PHE90–ASP92	high	2.9179999828338623	PV-008774133588	30.879
PRO90-PRO92	PHE90–ASP92	high	2.8959999084472656	PV-008774327569	29.469
PRO90-PRO92	PHE90–ASP92	high	3.187000036239624	PV-008774877441	30.193
PRO90-PRO92	PHE90–ASP92	high	3.115000009536743	PV-008775010456	29.724
PRO90-PRO92	PHE90–ASP92	high	3.25	PV-008775077920	31.164
PRO90-PRO92	PHE90–ASP92	high	2.9630000591278076	PV-008775077921	30.519
PRO90-PRO92	PHE90–ASP92	low	3.1730000972747803	PV-008775091835	26.242
PRO90-PRO92	PHE90–ASP92	high	3.0290000438690186	PV-008776894421	30.082
PRO90-PRO92	PHE90–ASP92	high	2.8970000743865967	PV-008777014626	30.475
PRO90-PRO92	PHE90–ASP92	low	3.2739999294281006	PV-008777518351	27.822
PRO90-PRO92	PHE90–ASP92	low	3.128999948501587	PV-008777526060	26.121
PRO90-PRO92	PHE90–ASP92	low	3.190999984741211	PV-008777721620	27.427
PRO90-PRO92	PHE90–ASP92	low	3.2149999141693115	PV-008777807930	26.571
PRO90-PRO92	PHE90–ASP92	high	2.9200000762939453	PV-008777921249	29.695
PRO90-PRO92	PHE90–ASP92	low	3.246999979019165	PV-008777921250	26.842
PRO90-PRO92	PHE90–ASP92	high	3.125	PV-008777921251	30.401
