feature_set	feature	n_features_in_set	selected_outer_folds	total_outer_folds	selection_frequency	mean_coefficient_for_low	median_coefficient_for_low	coefficient_std	mean_absolute_coefficient	median_absolute_coefficient	positive_direction_fraction	negative_direction_fraction	zero_direction_fraction	dominant_direction	dominant_direction_fraction	mean_outer_training_f_score	median_outer_training_f_score	stability_rank_within_feature_set
residue_residue	PRO62-PRO1279	3982	25	25	1.0	2.5886858276956293	1.5901650919815586	2.5059606699122803	2.5886858276956293	1.5901650919815586	1.0	0.0	0.0	towards_low	1.0	24.45739842972209	21.001633403507963	1
residue_residue	PRO1275-PRO1276	3982	22	25	0.88	1.6058427611899317	1.3044409558689432	1.5854010800025624	1.6653963193809858	1.3044409558689432	0.9545454545454546	0.045454545454545456	0.0	towards_low	0.9545454545454546	15.721109303769397	14.773690957626176	2
residue_residue	PRO90-PRO92	3982	21	25	0.84	1.3558521394373697	1.141330344834728	1.4628463296028054	1.4412783520760937	1.141330344834728	0.9523809523809523	0.047619047619047616	0.0	towards_low	0.9523809523809523	14.43052263616689	14.388017855162444	3
residue_residue	PRO88-PRO93	3982	15	25	0.6	-0.9093227316285476	-0.7772204106593962	0.8577597667646756	0.9093227316285476	0.7772204106593962	0.0	1.0	0.0	towards_high	1.0	11.577373876884899	10.964460911442227	4
residue_residue	PRO62-PRO1280	3982	14	25	0.56	0.689785154516298	0.5518707689772032	0.6624301448090685	0.7730090887475752	0.6121089793556104	0.9285714285714286	0.07142857142857142	0.0	towards_low	0.9285714285714286	12.705391484277552	13.123259209572389	5
residue_residue	PRO1423-PRO1424	3982	14	25	0.56	0.6172635354291433	0.24424287056106725	0.9862052348549883	0.6834483122191701	0.29467038997347245	0.8571428571428571	0.14285714285714285	0.0	towards_low	0.8571428571428571	17.05770189990113	16.45049176812957	6
residue_residue	PRO6-PRO72	3982	11	25	0.44	0.9990028938535981	0.3733912573227932	1.3725727023205743	0.9990028938535981	0.3733912573227932	1.0	0.0	0.0	towards_low	1.0	11.852963528201393	11.299401730658388	7
residue_residue	PRO86-PRO116	3982	10	25	0.4	0.6549173592214939	0.4638072957773715	0.5392059673261971	0.6549173592214939	0.4638072957773715	1.0	0.0	0.0	towards_low	1.0	11.164432130548828	10.48946597995651	8
residue_residue	PRO111-PRO112	3982	7	25	0.28	0.39923829814581296	0.4538632749937608	0.2241137352924765	0.39923829814581296	0.4538632749937608	1.0	0.0	0.0	towards_low	1.0	15.711679993742107	13.6781002745415	9
residue_residue	PRO62-PRO1283	3982	7	25	0.28	0.33183721741687394	0.3126669812931876	0.15152216586233463	0.33183721741687394	0.3126669812931876	1.0	0.0	0.0	towards_low	1.0	9.05826998188632	9.370437873268529	10
residue_residue	PRO78-PRO79	3982	7	25	0.28	-0.16546975996609223	-0.0632828689672965	0.5897832081084924	0.34701309364410987	0.0925051989337553	0.14285714285714285	0.8571428571428571	0.0	towards_high	0.8571428571428571	17.020095385774603	16.425531939595377	11
residue_residue	PRO94-PRO137	3982	6	25	0.24	0.7307898360000443	0.5468826664742232	0.5661692095012016	0.7307898360000443	0.5468826664742232	1.0	0.0	0.0	towards_low	1.0	9.816722079731482	9.576705036622993	12
residue_residue	PRO146-PRO147	3982	6	25	0.24	0.5081219923397372	0.27949689478994255	0.527823027616876	0.5081219923397372	0.27949689478994255	1.0	0.0	0.0	towards_low	1.0	9.973673400917354	10.262911291239828	13
residue_residue	PRO56-PRO78	3982	6	25	0.24	-0.25725900212078184	-0.23413326761375314	0.14860750294698982	0.25725900212078184	0.23413326761375314	0.0	1.0	0.0	towards_high	1.0	9.4454845329126	9.290407976218113	14
residue_residue	PRO114-PRO115	3982	6	25	0.24	-0.25215572849860074	-0.1727307334912849	0.2601601010505836	0.25215572849860074	0.1727307334912849	0.0	1.0	0.0	towards_high	1.0	11.7167052805377	10.226528990501752	15
