Molecule	PRO6-PRO7	PRO6-PRO8	PRO6-PRO9	PRO6-PRO16	PRO6-PRO19	PRO6-PRO20	PRO6-PRO23	PRO6-PRO24	PRO6-PRO37	PRO6-PRO38	PRO6-PRO39	PRO6-PRO40	PRO6-PRO55	PRO6-PRO56	PRO6-PRO57
PV-000012043653	1.344	4.096	6.736	9.611	8.013	6.651	5.761	6.516	9.404	7.689	6.416	6.56	2.315	2.043	5.944
PV-000012057199	1.344	4.096	6.736	9.611	8.013	6.651	5.761	6.516	9.404	7.689	6.416	6.56	2.315	2.043	5.944
PV-000012147410	1.344	4.096	6.736	9.611	8.013	6.651	5.761	6.516	9.404	7.689	6.416	6.56	2.315	2.043	5.944
PV-000012169641	1.344	4.096	6.736	9.611	8.013	6.651	5.761	6.516	9.404	7.689	6.416	6.56	2.315	2.043	5.944
PV-000012353304	1.344	4.096	6.736	9.611	8.013	6.651	5.761	6.516	9.404	7.689	6.416	6.56	2.315	2.043	5.944
PV-000012029309	1.344	4.096	6.736	9.611	8.013	6.651	5.761	6.516	9.404	7.689	6.416	6.56	2.315	2.043	5.944
PV-000012147338	1.344	4.096	6.736	9.611	8.013	6.651	5.761	6.516	9.404	7.689	6.416	6.56	2.315	2.043	5.944
PV-000012231076	1.344	4.096	6.736	9.611	8.013	6.651	5.761	6.516	9.404	7.689	6.416	6.56	2.315	2.043	5.944
PV-000012275602	1.344	4.096	6.736	9.611	8.013	6.651	5.761	6.516	9.404	7.689	6.416	6.56	2.315	2.043	5.944
PV-000012301601	1.344	4.096	6.736	9.611	8.013	6.651	5.761	6.516	9.404	7.689	6.416	6.56	2.315	2.043	5.944
PV-000012328757	1.344	4.096	6.736	9.611	8.013	6.651	5.761	6.516	9.404	7.689	6.416	6.56	2.315	2.043	5.944
PV-000012328892	1.344	4.096	6.736	9.611	8.013	6.651	5.761	6.516	9.404	7.689	6.416	6.56	2.315	2.043	5.944
PV-000012337613	1.344	4.096	6.736	9.611	8.013	6.651	5.761	6.516	9.404	7.689	6.416	6.56	2.315	2.043	5.944
PV-000012372941	1.344	4.096	6.736	9.611	8.013	6.651	5.761	6.516	9.404	7.689	6.416	6.56	2.315	2.043	5.944
PV-000012384236	1.344	4.096	6.736	9.611	8.013	6.651	5.761	6.516	9.404	7.689	6.416	6.56	2.315	2.043	5.944
PV-000012403122	1.344	4.096	6.736	9.611	8.013	6.651	5.761	6.516	9.404	7.689	6.416	6.56	2.315	2.043	5.944
PV-000013925557	1.344	4.096	6.736	9.611	8.013	6.651	5.761	6.516	9.404	7.689	6.416	6.56	2.315	2.043	5.944
PV-000015914520	1.344	4.096	6.736	9.611	8.013	6.651	5.761	6.516	9.404	7.689	6.416	6.56	2.315	2.043	5.944
PV-000012392282	1.344	4.096	6.736	9.611	8.013	6.651	5.761	6.516	9.404	7.689	6.416	6.56	2.315	2.043	5.944
PV-000013696201	1.344	4.096	6.736	9.611	8.013	6.651	5.761	6.516	9.404	7.689	6.416	6.56	2.315	2.043	5.944
PV-000012392354	1.344	4.096	6.736	9.611	8.013	6.651	5.761	6.516	9.404	7.689	6.416	6.56	2.315	2.043	5.944
PV-000012383213	1.344	4.096	6.736	9.611	8.013	6.651	5.761	6.516	9.404	7.689	6.416	6.56	2.315	2.043	5.944
PV-000012437814	1.344	4.096	6.736	9.611	8.013	6.651	5.761	6.516	9.404	7.689	6.416	6.56	2.315	2.043	5.944
PV-000233762202	1.344	4.096	6.736	9.611	8.013	6.651	5.761	6.516	9.404	7.689	6.416	6.56	2.315	2.043	5.944
PV-000233759505	1.344	4.096	6.736	9.611	8.013	6.651	5.761	6.516	9.404	7.689	6.416	6.56	2.315	2.043	5.944
PV-000233762214	1.344	4.096	6.736	9.611	8.013	6.651	5.761	6.516	9.404	7.689	6.416	6.56	2.315	2.043	5.944
PV-000101463982	1.344	4.096	6.736	9.611	8.013	6.651	5.761	6.516	9.404	7.689	6.416	6.56	2.315	2.043	5.944
PV-000015960707	1.344	4.096	6.736	9.611	8.013	6.651	5.761	6.516	9.404	7.689	6.416	6.56	2.315	2.043	5.944
PV-000234245338	1.344	4.096	6.736	9.611	8.013	6.651	5.761	6.516	9.404	7.689	6.416	6.56	2.315	2.043	5.944
PV-000234746429	1.344	4.096	6.736	9.611	8.013	6.651	5.761	6.516	9.404	7.689	6.416	6.56	2.315	2.043	5.944
PV-000234036735	1.344	4.096	6.736	9.611	8.013	6.651	5.761	6.516	9.404	7.689	6.416	6.56	2.315	2.043	5.944
PV-000234275599	1.344	4.096	6.736	9.611	8.013	6.651	5.761	6.516	9.404	7.689	6.416	6.56	2.315	2.043	5.944
PV-000234626688	1.344	4.096	6.736	9.611	8.013	6.651	5.761	6.516	9.404	7.689	6.416	6.56	2.315	2.043	5.944
PV-000233762591	1.344	4.096	6.736	9.611	8.013	6.651	5.761	6.516	9.404	7.689	6.416	6.56	2.315	2.043	5.944
PV-000234839131	1.344	4.096	6.736	9.611	8.013	6.651	5.761	6.516	9.404	7.689	6.416	6.56	2.315	2.043	5.944
PV-000234301520	1.344	4.096	6.736	9.611	8.013	6.651	5.761	6.516	9.404	7.689	6.416	6.56	2.315	2.043	5.944
PV-000234036482	1.344	4.096	6.736	9.611	8.013	6.651	5.761	6.516	9.404	7.689	6.416	6.56	2.315	2.043	5.944
PV-000239559910	1.344	4.096	6.736	9.611	8.013	6.651	5.761	6.516	9.404	7.689	6.416	6.56	2.315	2.043	5.944
PV-000234982102	1.344	4.096	6.736	9.611	8.013	6.651	5.761	6.516	9.404	7.689	6.416	6.56	2.315	2.043	5.944
PV-000234982290	1.344	4.096	6.736	9.611	8.013	6.651	5.761	6.516	9.404	7.689	6.416	6.56	2.315	2.043	5.944
PV-000238539836	1.344	4.096	6.736	9.611	8.013	6.651	5.761	6.516	9.404	7.689	6.416	6.56	2.315	2.043	5.944
PV-000235075125	1.344	4.096	6.736	9.611	8.013	6.651	5.761	6.516	9.404	7.689	6.416	6.56	2.315	2.043	5.944
PV-000235090682	1.344	4.096	6.736	9.611	8.013	6.651	5.761	6.516	9.404	7.689	6.416	6.56	2.315	2.043	5.944
PV-000233762503	1.344	4.096	6.736	9.611	8.013	6.651	5.761	6.516	9.404	7.689	6.416	6.56	2.315	2.043	5.944
PV-000239559019	1.344	4.096	6.736	9.611	8.013	6.651	5.761	6.516	9.404	7.689	6.416	6.56	2.315	2.043	5.944
PV-000235112478	1.344	4.096	6.736	9.611	8.013	6.651	5.761	6.516	9.404	7.689	6.416	6.56	2.315	2.043	5.944
PV-000233762504	1.344	4.096	6.736	9.611	8.013	6.651	5.761	6.516	9.404	7.689	6.416	6.56	2.315	2.043	5.944
